SampleID,k__Archaea|p__Euryarchaeota|c__Methanobacteria|o__Methanobacteriales|f__Methanobacteriaceae|g__Methanobrevibacter,k__Archaea|p__Euryarchaeota|c__Methanobacteria|o__Methanobacteriales|f__Methanobacteriaceae|g__Methanosphaera,k__Archaea|p__Euryarchaeota|c__Methanococci|o__Methanococcales|f__Methanocaldococcaceae|g__Methanocaldococcaceae_unclassified,k__Archaea|p__Euryarchaeota|c__Methanococci|o__Methanococcales|f__Methanocaldococcaceae|g__Methanocaldococcus,k__Bacteria|p__Acidobacteria|c__Acidobacteriia|o__Acidobacteriales|f__Acidobacteriaceae|g__Acidobacteriaceae_unclassified,k__Bacteria|p__Acidobacteria|c__Acidobacteriia|o__Acidobacteriales|f__Acidobacteriaceae|g__Granulicella,k__Bacteria|p__Acidobacteria|c__Acidobacteriia|o__Acidobacteriales|f__Acidobacteriaceae|g__Terriglobus,k__Bacteria|p__Actinobacteria|c__Actinobacteria|o__Actinomycetales|f__Actinomycetaceae|g__Actinomyces,k__Bacteria|p__Actinobacteria|c__Actinobacteria|o__Actinomycetales|f__Actinomycetales_noname|g__Tropheryma,k__Bacteria|p__Actinobacteria|c__Actinobacteria|o__Actinomycetales|f__Brevibacteriaceae|g__Brevibacterium,k__Bacteria|p__Actinobacteria|c__Actinobacteria|o__Actinomycetales|f__Corynebacteriaceae|g__Corynebacterium,k__Bacteria|p__Actinobacteria|c__Actinobacteria|o__Actinomycetales|f__Dermatophilaceae|g__Dermatophilaceae_unclassified,k__Bacteria|p__Actinobacteria|c__Actinobacteria|o__Actinomycetales|f__Micrococcaceae|g__Rothia,k__Bacteria|p__Actinobacteria|c__Actinobacteria|o__Actinomycetales|f__Propionibacteriaceae|g__Propionibacteriaceae_unclassified,k__Bacteria|p__Actinobacteria|c__Actinobacteria|o__Actinomycetales|f__Propionibacteriaceae|g__Propionibacterium,k__Bacteria|p__Actinobacteria|c__Actinobacteria|o__Bifidobacteriales|f__Bifidobacteriaceae|g__Alloscardovia,k__Bacteria|p__Actinobacteria|c__Actinobacteria|o__Bifidobacteriales|f__Bifidobacteriaceae|g__Bifidobacterium,k__Bacteria|p__Actinobacteria|c__Actinobacteria|o__Bifidobacteriales|f__Bifidobacteriaceae|g__Gardnerella,k__Bacteria|p__Actinobacteria|c__Actinobacteria|o__Bifidobacteriales|f__Bifidobacteriaceae|g__Scardovia,k__Bacteria|p__Actinobacteria|c__Actinobacteria|o__Coriobacteriales|f__Coriobacteriaceae|g__Adlercreutzia,k__Bacteria|p__Actinobacteria|c__Actinobacteria|o__Coriobacteriales|f__Coriobacteriaceae|g__Atopobium,k__Bacteria|p__Actinobacteria|c__Actinobacteria|o__Coriobacteriales|f__Coriobacteriaceae|g__Collinsella,k__Bacteria|p__Actinobacteria|c__Actinobacteria|o__Coriobacteriales|f__Coriobacteriaceae|g__Coriobacteriaceae_noname,k__Bacteria|p__Actinobacteria|c__Actinobacteria|o__Coriobacteriales|f__Coriobacteriaceae|g__Eggerthella,k__Bacteria|p__Actinobacteria|c__Actinobacteria|o__Coriobacteriales|f__Coriobacteriaceae|g__Gordonibacter,k__Bacteria|p__Actinobacteria|c__Actinobacteria|o__Coriobacteriales|f__Coriobacteriaceae|g__Olsenella,k__Bacteria|p__Actinobacteria|c__Actinobacteria|o__Coriobacteriales|f__Coriobacteriaceae|g__Slackia,k__Bacteria|p__Aquificae|c__Aquificae|o__Aquificales|f__Desulfurobacteriaceae|g__Desulfurobacteriaceae_unclassified,k__Bacteria|p__Bacteroidetes|c__Bacteroidia|o__Bacteroidales|f__Bacteroidaceae|g__Bacteroides,k__Bacteria|p__Bacteroidetes|c__Bacteroidia|o__Bacteroidales|f__Bacteroidales_noname|g__Bacteroidales_noname,k__Bacteria|p__Bacteroidetes|c__Bacteroidia|o__Bacteroidales|f__Marinilabiliaceae|g__Marinilabiliaceae_unclassified,k__Bacteria|p__Bacteroidetes|c__Bacteroidia|o__Bacteroidales|f__Porphyromonadaceae|g__Barnesiella,k__Bacteria|p__Bacteroidetes|c__Bacteroidia|o__Bacteroidales|f__Porphyromonadaceae|g__Butyricimonas,k__Bacteria|p__Bacteroidetes|c__Bacteroidia|o__Bacteroidales|f__Porphyromonadaceae|g__Coprobacter,k__Bacteria|p__Bacteroidetes|c__Bacteroidia|o__Bacteroidales|f__Porphyromonadaceae|g__Dysgonomonas,k__Bacteria|p__Bacteroidetes|c__Bacteroidia|o__Bacteroidales|f__Porphyromonadaceae|g__Odoribacter,k__Bacteria|p__Bacteroidetes|c__Bacteroidia|o__Bacteroidales|f__Porphyromonadaceae|g__Parabacteroides,k__Bacteria|p__Bacteroidetes|c__Bacteroidia|o__Bacteroidales|f__Porphyromonadaceae|g__Porphyromonas,k__Bacteria|p__Bacteroidetes|c__Bacteroidia|o__Bacteroidales|f__Prevotellaceae|g__Alloprevotella,k__Bacteria|p__Bacteroidetes|c__Bacteroidia|o__Bacteroidales|f__Prevotellaceae|g__Paraprevotella,k__Bacteria|p__Bacteroidetes|c__Bacteroidia|o__Bacteroidales|f__Prevotellaceae|g__Prevotella,k__Bacteria|p__Bacteroidetes|c__Bacteroidia|o__Bacteroidales|f__Rikenellaceae|g__Alistipes,k__Bacteria|p__Bacteroidetes|c__Flavobacteriia|o__Flavobacteriales|f__Flavobacteriaceae|g__Capnocytophaga,k__Bacteria|p__Bacteroidetes|c__Flavobacteriia|o__Flavobacteriales|f__Flavobacteriaceae|g__Cellulophaga,k__Bacteria|p__Bacteroidetes|c__Flavobacteriia|o__Flavobacteriales|f__Flavobacteriaceae|g__Riemerella,k__Bacteria|p__Bacteroidetes|c__Sphingobacteriia|o__Sphingobacteriales|f__Sphingobacteriaceae|g__Pedobacter,k__Bacteria|p__Bacteroidetes|c__Sphingobacteriia|o__Sphingobacteriales|f__Sphingobacteriaceae|g__Sphingobacterium,k__Bacteria|p__Candidatus_Saccharibacteria|c__Candidatus_Saccharibacteria_noname|o__Candidatus_Saccharibacteria_noname|f__Candidatus_Saccharibacteria_noname|g__Candidatus_Saccharibacteria_noname,k__Bacteria|p__Candidatus_Saccharibacteria|c__Candidatus_Saccharibacteria_noname|o__Candidatus_Saccharibacteria_noname|f__Candidatus_Saccharibacteria_noname|g__Candidatus_Saccharibacteria_noname_unclassified,k__Bacteria|p__Chlamydiae|c__Chlamydiia|o__Chlamydiales|f__Chlamydiaceae|g__Chlamydophila,k__Bacteria|p__Chlorobi|c__Chlorobia|o__Chlorobiales|f__Chlorobiaceae|g__Chlorobium,k__Bacteria|p__Deinococcus_Thermus|c__Deinococci|o__Deinococcales|f__Deinococcaceae|g__Deinococcus,k__Bacteria|p__Firmicutes|c__Bacilli|o__Bacillales|f__Alicyclobacillaceae|g__Alicyclobacillus,k__Bacteria|p__Firmicutes|c__Bacilli|o__Bacillales|f__Bacillaceae|g__Gracilibacillus,k__Bacteria|p__Firmicutes|c__Bacilli|o__Bacillales|f__Bacillales_noname|g__Gemella,k__Bacteria|p__Firmicutes|c__Bacilli|o__Bacillales|f__Staphylococcaceae|g__Staphylococcus,k__Bacteria|p__Firmicutes|c__Bacilli|o__Lactobacillales|f__Aerococcaceae|g__Abiotrophia,k__Bacteria|p__Firmicutes|c__Bacilli|o__Lactobacillales|f__Carnobacteriaceae|g__Granulicatella,k__Bacteria|p__Firmicutes|c__Bacilli|o__Lactobacillales|f__Enterococcaceae|g__Enterococcus,k__Bacteria|p__Firmicutes|c__Bacilli|o__Lactobacillales|f__Lactobacillaceae|g__Lactobacillus,k__Bacteria|p__Firmicutes|c__Bacilli|o__Lactobacillales|f__Lactobacillaceae|g__Pediococcus,k__Bacteria|p__Firmicutes|c__Bacilli|o__Lactobacillales|f__Leuconostocaceae|g__Leuconostoc,k__Bacteria|p__Firmicutes|c__Bacilli|o__Lactobacillales|f__Leuconostocaceae|g__Weissella,k__Bacteria|p__Firmicutes|c__Bacilli|o__Lactobacillales|f__Streptococcaceae|g__Lactococcus,k__Bacteria|p__Firmicutes|c__Bacilli|o__Lactobacillales|f__Streptococcaceae|g__Streptococcus,k__Bacteria|p__Firmicutes|c__Clostridia|o__Clostridiales|f__Clostridiaceae|g__Butyricicoccus,k__Bacteria|p__Firmicutes|c__Clostridia|o__Clostridiales|f__Clostridiaceae|g__Clostridiaceae_noname,k__Bacteria|p__Firmicutes|c__Clostridia|o__Clostridiales|f__Clostridiaceae|g__Clostridium,k__Bacteria|p__Firmicutes|c__Clostridia|o__Clostridiales|f__Clostridiales_Family_XIII_Incertae_Sedis|g__Clostridiales_Family_XIII_Incertae_Sedis_noname,k__Bacteria|p__Firmicutes|c__Clostridia|o__Clostridiales|f__Clostridiales_Family_XIII_Incertae_Sedis|g__Clostridiales_Family_XIII_Incertae_Sedis_unclassified,k__Bacteria|p__Firmicutes|c__Clostridia|o__Clostridiales|f__Clostridiales_Family_XI_Incertae_Sedis|g__Anaerococcus,k__Bacteria|p__Firmicutes|c__Clostridia|o__Clostridiales|f__Clostridiales_Family_XI_Incertae_Sedis|g__Clostridiales_Family_XI_Incertae_Sedis_noname,k__Bacteria|p__Firmicutes|c__Clostridia|o__Clostridiales|f__Clostridiales_Family_XI_Incertae_Sedis|g__Parvimonas,k__Bacteria|p__Firmicutes|c__Clostridia|o__Clostridiales|f__Clostridiales_Family_XI_Incertae_Sedis|g__Peptoniphilus,k__Bacteria|p__Firmicutes|c__Clostridia|o__Clostridiales|f__Clostridiales_noname|g__Clostridiales_noname,k__Bacteria|p__Firmicutes|c__Clostridia|o__Clostridiales|f__Clostridiales_noname|g__Flavonifractor,k__Bacteria|p__Firmicutes|c__Clostridia|o__Clostridiales|f__Clostridiales_noname|g__Pseudoflavonifractor,k__Bacteria|p__Firmicutes|c__Clostridia|o__Clostridiales|f__Eubacteriaceae|g__Eubacterium,k__Bacteria|p__Firmicutes|c__Clostridia|o__Clostridiales|f__Eubacteriaceae|g__Pseudoramibacter,k__Bacteria|p__Firmicutes|c__Clostridia|o__Clostridiales|f__Lachnospiraceae|g__Anaerostipes,k__Bacteria|p__Firmicutes|c__Clostridia|o__Clostridiales|f__Lachnospiraceae|g__Blautia,k__Bacteria|p__Firmicutes|c__Clostridia|o__Clostridiales|f__Lachnospiraceae|g__Butyrivibrio,k__Bacteria|p__Firmicutes|c__Clostridia|o__Clostridiales|f__Lachnospiraceae|g__Catonella,k__Bacteria|p__Firmicutes|c__Clostridia|o__Clostridiales|f__Lachnospiraceae|g__Coprococcus,k__Bacteria|p__Firmicutes|c__Clostridia|o__Clostridiales|f__Lachnospiraceae|g__Dorea,k__Bacteria|p__Firmicutes|c__Clostridia|o__Clostridiales|f__Lachnospiraceae|g__Lachnospiraceae_noname,k__Bacteria|p__Firmicutes|c__Clostridia|o__Clostridiales|f__Lachnospiraceae|g__Marvinbryantia,k__Bacteria|p__Firmicutes|c__Clostridia|o__Clostridiales|f__Lachnospiraceae|g__Oribacterium,k__Bacteria|p__Firmicutes|c__Clostridia|o__Clostridiales|f__Lachnospiraceae|g__Roseburia,k__Bacteria|p__Firmicutes|c__Clostridia|o__Clostridiales|f__Oscillospiraceae|g__Oscillibacter,k__Bacteria|p__Firmicutes|c__Clostridia|o__Clostridiales|f__Peptostreptococcaceae|g__Peptostreptococcaceae_noname,k__Bacteria|p__Firmicutes|c__Clostridia|o__Clostridiales|f__Peptostreptococcaceae|g__Peptostreptococcus,k__Bacteria|p__Firmicutes|c__Clostridia|o__Clostridiales|f__Ruminococcaceae|g__Anaerotruncus,k__Bacteria|p__Firmicutes|c__Clostridia|o__Clostridiales|f__Ruminococcaceae|g__Faecalibacterium,k__Bacteria|p__Firmicutes|c__Clostridia|o__Clostridiales|f__Ruminococcaceae|g__Ruminococcaceae_noname,k__Bacteria|p__Firmicutes|c__Clostridia|o__Clostridiales|f__Ruminococcaceae|g__Ruminococcus,k__Bacteria|p__Firmicutes|c__Clostridia|o__Clostridiales|f__Ruminococcaceae|g__Subdoligranulum,k__Bacteria|p__Firmicutes|c__Clostridia|o__Halanaerobiales|f__Halobacteroidaceae|g__Halobacteroidaceae_unclassified,k__Bacteria|p__Firmicutes|c__Erysipelotrichia|o__Erysipelotrichales|f__Erysipelotrichaceae|g__Catenibacterium,k__Bacteria|p__Firmicutes|c__Erysipelotrichia|o__Erysipelotrichales|f__Erysipelotrichaceae|g__Coprobacillus,k__Bacteria|p__Firmicutes|c__Erysipelotrichia|o__Erysipelotrichales|f__Erysipelotrichaceae|g__Erysipelotrichaceae_noname,k__Bacteria|p__Firmicutes|c__Erysipelotrichia|o__Erysipelotrichales|f__Erysipelotrichaceae|g__Holdemania,k__Bacteria|p__Firmicutes|c__Erysipelotrichia|o__Erysipelotrichales|f__Erysipelotrichaceae|g__Solobacterium,k__Bacteria|p__Firmicutes|c__Erysipelotrichia|o__Erysipelotrichales|f__Erysipelotrichaceae|g__Turicibacter,k__Bacteria|p__Firmicutes|c__Negativicutes|o__Selenomonadales|f__Acidaminococcaceae|g__Acidaminococcaceae_unclassified,k__Bacteria|p__Firmicutes|c__Negativicutes|o__Selenomonadales|f__Acidaminococcaceae|g__Acidaminococcus,k__Bacteria|p__Firmicutes|c__Negativicutes|o__Selenomonadales|f__Acidaminococcaceae|g__Phascolarctobacterium,k__Bacteria|p__Firmicutes|c__Negativicutes|o__Selenomonadales|f__Veillonellaceae|g__Dialister,k__Bacteria|p__Firmicutes|c__Negativicutes|o__Selenomonadales|f__Veillonellaceae|g__Megamonas,k__Bacteria|p__Firmicutes|c__Negativicutes|o__Selenomonadales|f__Veillonellaceae|g__Megasphaera,k__Bacteria|p__Firmicutes|c__Negativicutes|o__Selenomonadales|f__Veillonellaceae|g__Mitsuokella,k__Bacteria|p__Firmicutes|c__Negativicutes|o__Selenomonadales|f__Veillonellaceae|g__Veillonella,k__Bacteria|p__Fusobacteria|c__Fusobacteriia|o__Fusobacteriales|f__Fusobacteriaceae|g__Fusobacterium,k__Bacteria|p__Fusobacteria|c__Fusobacteriia|o__Fusobacteriales|f__Leptotrichiaceae|g__Leptotrichia,k__Bacteria|p__Fusobacteria|c__Fusobacteriia|o__Fusobacteriales|f__Leptotrichiaceae|g__Leptotrichiaceae_unclassified,k__Bacteria|p__Proteobacteria|c__Alphaproteobacteria|o__Caulobacterales|f__Caulobacteraceae|g__Asticcacaulis,k__Bacteria|p__Proteobacteria|c__Alphaproteobacteria|o__Caulobacterales|f__Caulobacteraceae|g__Caulobacter,k__Bacteria|p__Proteobacteria|c__Alphaproteobacteria|o__Rhizobiales|f__Bartonellaceae|g__Bartonella,k__Bacteria|p__Proteobacteria|c__Betaproteobacteria|o__Burkholderiales|f__Alcaligenaceae|g__Bordetella,k__Bacteria|p__Proteobacteria|c__Betaproteobacteria|o__Burkholderiales|f__Burkholderiaceae|g__Burkholderia,k__Bacteria|p__Proteobacteria|c__Betaproteobacteria|o__Burkholderiales|f__Burkholderiaceae|g__Cupriavidus,k__Bacteria|p__Proteobacteria|c__Betaproteobacteria|o__Burkholderiales|f__Burkholderiaceae|g__Lautropia,k__Bacteria|p__Proteobacteria|c__Betaproteobacteria|o__Burkholderiales|f__Burkholderiales_noname|g__Burkholderiales_noname,k__Bacteria|p__Proteobacteria|c__Betaproteobacteria|o__Burkholderiales|f__Comamonadaceae|g__Comamonas,k__Bacteria|p__Proteobacteria|c__Betaproteobacteria|o__Burkholderiales|f__Oxalobacteraceae|g__Candidatus_Zinderia,k__Bacteria|p__Proteobacteria|c__Betaproteobacteria|o__Burkholderiales|f__Oxalobacteraceae|g__Oxalobacter,k__Bacteria|p__Proteobacteria|c__Betaproteobacteria|o__Burkholderiales|f__Sutterellaceae|g__Parasutterella,k__Bacteria|p__Proteobacteria|c__Betaproteobacteria|o__Burkholderiales|f__Sutterellaceae|g__Sutterella,k__Bacteria|p__Proteobacteria|c__Betaproteobacteria|o__Burkholderiales|f__Sutterellaceae|g__Sutterellaceae_unclassified,k__Bacteria|p__Proteobacteria|c__Betaproteobacteria|o__Gallionellales|f__Gallionellaceae|g__Gallionellaceae_unclassified,k__Bacteria|p__Proteobacteria|c__Betaproteobacteria|o__Neisseriales|f__Neisseriaceae|g__Chromobacterium,k__Bacteria|p__Proteobacteria|c__Betaproteobacteria|o__Neisseriales|f__Neisseriaceae|g__Eikenella,k__Bacteria|p__Proteobacteria|c__Betaproteobacteria|o__Neisseriales|f__Neisseriaceae|g__Kingella,k__Bacteria|p__Proteobacteria|c__Betaproteobacteria|o__Neisseriales|f__Neisseriaceae|g__Neisseria,k__Bacteria|p__Proteobacteria|c__Deltaproteobacteria|o__Desulfovibrionales|f__Desulfovibrionaceae|g__Bilophila,k__Bacteria|p__Proteobacteria|c__Deltaproteobacteria|o__Desulfovibrionales|f__Desulfovibrionaceae|g__Desulfovibrio,k__Bacteria|p__Proteobacteria|c__Epsilonproteobacteria|o__Campylobacterales|f__Campylobacteraceae|g__Campylobacter,k__Bacteria|p__Proteobacteria|c__Epsilonproteobacteria|o__Campylobacterales|f__Helicobacteraceae|g__Helicobacter,k__Bacteria|p__Proteobacteria|c__Gammaproteobacteria|o__Aeromonadales|f__Succinivibrionaceae|g__Succinatimonas,k__Bacteria|p__Proteobacteria|c__Gammaproteobacteria|o__Alteromonadales|f__Pseudoalteromonadaceae|g__Pseudoalteromonadaceae_unclassified,k__Bacteria|p__Proteobacteria|c__Gammaproteobacteria|o__Chromatiales|f__Ectothiorhodospiraceae|g__Spiribacter,k__Bacteria|p__Proteobacteria|c__Gammaproteobacteria|o__Enterobacteriales|f__Enterobacteriaceae|g__Buchnera,k__Bacteria|p__Proteobacteria|c__Gammaproteobacteria|o__Enterobacteriales|f__Enterobacteriaceae|g__Candidatus_Moranella,k__Bacteria|p__Proteobacteria|c__Gammaproteobacteria|o__Enterobacteriales|f__Enterobacteriaceae|g__Citrobacter,k__Bacteria|p__Proteobacteria|c__Gammaproteobacteria|o__Enterobacteriales|f__Enterobacteriaceae|g__Enterobacter,k__Bacteria|p__Proteobacteria|c__Gammaproteobacteria|o__Enterobacteriales|f__Enterobacteriaceae|g__Enterobacteriaceae_noname,k__Bacteria|p__Proteobacteria|c__Gammaproteobacteria|o__Enterobacteriales|f__Enterobacteriaceae|g__Escherichia,k__Bacteria|p__Proteobacteria|c__Gammaproteobacteria|o__Enterobacteriales|f__Enterobacteriaceae|g__Klebsiella,k__Bacteria|p__Proteobacteria|c__Gammaproteobacteria|o__Enterobacteriales|f__Enterobacteriaceae|g__Morganella,k__Bacteria|p__Proteobacteria|c__Gammaproteobacteria|o__Enterobacteriales|f__Enterobacteriaceae|g__Pantoea,k__Bacteria|p__Proteobacteria|c__Gammaproteobacteria|o__Enterobacteriales|f__Enterobacteriaceae|g__Proteus,k__Bacteria|p__Proteobacteria|c__Gammaproteobacteria|o__Enterobacteriales|f__Enterobacteriaceae|g__Providencia,k__Bacteria|p__Proteobacteria|c__Gammaproteobacteria|o__Enterobacteriales|f__Enterobacteriaceae|g__Raoultella,k__Bacteria|p__Proteobacteria|c__Gammaproteobacteria|o__Enterobacteriales|f__Enterobacteriaceae|g__Shigella,k__Bacteria|p__Proteobacteria|c__Gammaproteobacteria|o__Enterobacteriales|f__Enterobacteriaceae|g__Yersinia,k__Bacteria|p__Proteobacteria|c__Gammaproteobacteria|o__Oceanospirillales|f__Hahellaceae|g__Hahellaceae_unclassified,k__Bacteria|p__Proteobacteria|c__Gammaproteobacteria|o__Oceanospirillales|f__Halomonadaceae|g__Halomonas,k__Bacteria|p__Proteobacteria|c__Gammaproteobacteria|o__Pasteurellales|f__Pasteurellaceae|g__Actinobacillus,k__Bacteria|p__Proteobacteria|c__Gammaproteobacteria|o__Pasteurellales|f__Pasteurellaceae|g__Aggregatibacter,k__Bacteria|p__Proteobacteria|c__Gammaproteobacteria|o__Pasteurellales|f__Pasteurellaceae|g__Haemophilus,k__Bacteria|p__Proteobacteria|c__Gammaproteobacteria|o__Pasteurellales|f__Pasteurellaceae|g__Pasteurella,k__Bacteria|p__Proteobacteria|c__Gammaproteobacteria|o__Pseudomonadales|f__Moraxellaceae|g__Acinetobacter,k__Bacteria|p__Proteobacteria|c__Gammaproteobacteria|o__Pseudomonadales|f__Pseudomonadaceae|g__Pseudomonas,k__Bacteria|p__Proteobacteria|c__Gammaproteobacteria|o__Xanthomonadales|f__Sinobacteraceae|g__Sinobacteraceae_unclassified,k__Bacteria|p__Spirochaetes|c__Spirochaetia|o__Spirochaetales|f__Brachyspiraceae|g__Brachyspira,k__Bacteria|p__Spirochaetes|c__Spirochaetia|o__Spirochaetales|f__Spirochaetaceae|g__Sphaerochaeta,k__Bacteria|p__Synergistetes|c__Synergistia|o__Synergistales|f__Synergistaceae|g__Fretibacterium,k__Bacteria|p__Synergistetes|c__Synergistia|o__Synergistales|f__Synergistaceae|g__Pyramidobacter,k__Bacteria|p__Synergistetes|c__Synergistia|o__Synergistales|f__Synergistaceae|g__Synergistes,k__Bacteria|p__Tenericutes|c__Mollicutes|o__Acholeplasmatales|f__Acholeplasmataceae|g__Candidatus_Phytoplasma,k__Bacteria|p__Tenericutes|c__Mollicutes|o__Entomoplasmatales|f__Spiroplasmataceae|g__Spiroplasma,k__Bacteria|p__Verrucomicrobia|c__Verrucomicrobiae|o__Verrucomicrobiales|f__Verrucomicrobiaceae|g__Akkermansia,k__Eukaryota|p__Ascomycota|c__Eurotiomycetes|o__Eurotiales|f__Aspergillaceae|g__Aspergillaceae_unclassified,k__Eukaryota|p__Ascomycota|c__Saccharomycetes|o__Saccharomycetales|f__Saccharomycetaceae|g__Naumovozyma,k__Eukaryota|p__Ascomycota|c__Saccharomycetes|o__Saccharomycetales|f__Saccharomycetaceae|g__Saccharomyces,k__Eukaryota|p__Ascomycota|c__Saccharomycetes|o__Saccharomycetales|f__Saccharomycetaceae|g__Saccharomycetaceae_unclassified
MH0002,0,0,0,0,0,0.00445,0,0,0,0,0,0,0,0,0,0,0.86435,0.00193,0,0.03892,0,0.1038,0.25478,0.00202,0.00518,0,0.08182,0,10.91273,1.68719,0,0.41568,0,0.07159,0,0.88831,0.90019,0,0,0.53555,0,16.05645,0,0,0,0,0,0,0,0,0,0.00967,0,0,0.00128,0,0,0,0,0.05677,0,0,0,0,0.131,0.00055,0.00781,0.43042,0,0,0,0,0,0,0.02014,0.00831,0.06939,39.0396,0,0.07375,1.7186,0.02816,0,0.93648,0.37797,1.71112,0,0,1.36451,1.28473,0,0,0.07756,2.49977,0.05376,0.80429,10.32942,0,0,0,0.0039,0.08053,0,0,0.00724,0,0,0,0,0,0.01304,0,0,0,0,0,0,0,0,0,0,0,0,0.00385,0,0.08428,0.00073,0,0.27911,0,0,0,0,0,0.00728,0.13797,0,0,0,0,0,0,0,0,0,0,0.47839,0,0,0,0,0,0,0,0,0,0,0,0,0,0,0,0,0,0,0,0,0,0,0,0,5.04371,0,0,0,0
MH0003,0,0,0,0,0,0,0,0.05427,0,0,0,0,0.04106,0,0,0,0.54315,0,0,0.05125,0.00248,0.37645,0,0.10893,0,0.00625,0,0,19.7371,0,0,0,0.00163,0.06959,0,1.19365,2.48661,0,0,0,0.00907,4.13856,0,0,0,0,0,0,0,0,0,0.02036,0,0,0.00893,0,0,0.03104,0,2.12753,0.42937,0,5.79226,0,7.25751,0,0,0.08755,0,0,0,0,0,0,0,0.05185,0.02013,5.23667,0,0.00773,1.13876,0.01588,0,3.52543,0.8907,1.15618,0,0.00064,2.1828,1.39021,0.02691,0,0.33301,10.2089,0.00263,6.02355,16.73205,0,0,0,0.01614,0.00707,0,0,0,0,0,4.54929,0,0.01909,0.02745,0.60892,0,0,0,0,0,0,0,0,0,0.00879,0.00755,0.00405,0,0,0.0636,0,0.04833,0,0,0,0,0,0.78816,0,0,0,0,0,0,0,0,0,0.08499,0,0.13238,0,0,0,0,0,0,0,0,0,0,0,0,0.11556,0,0,0,0,0,0,0,0,0,0,0,0,0,0,0,0
MH0006,0,0,0,0,0,0.00225,0,0,0,0,0,0,0,0,0,0,0.0325,0,0,0,0,0.15816,0,0.00044,0,0.00619,0,0,4.99222,0.06112,0,0.88067,0.00564,0.07733,0,0.65566,0.93751,0,0.02833,4.70998,37.23204,7.25781,0,0,0,0,0,0,0,0,0,0.03431,0,0,0,0,0,0,0,0.09226,0,0,0,0,0.02863,0,0,0.19838,0,0,0,0,0,0,0.00025,0,0.0035,1.49368,0,0.07564,0.83319,10.92358,0,0.67988,0.82127,0.84584,0,0,1.52136,0.21176,0,0,0.11368,5.8145,0.00613,3.46687,8.51923,0,0.25464,0,0.34697,0.0112,0,0,0,0,5.74332,0,0,0,0.06278,0.00897,0,0,0,0,0,0.00669,0,0.00674,0,0,0,0,0,0,0,0.00011,0.27883,0,0,0,0,0,0.12484,0.409,0,0,0,0,0,0,0,0,0,0,0.00638,0,0,0,0,0,0,0,0,0,0,0,0,0.00595,0,0,0,0,0,0,0,0,0,0,0,0.01181,0,0,0,0
MH0009,0.27929,0,0,0,0,0.01187,0,0,0,0.01524,0,0,0.0003,0,0,0,0.30877,0,0,0,0,0.10305,0,0,0,0.02501,0,0,2.2853,0.30463,0,0.16078,0,0.00498,0,0.67169,2.46795,0,0.02877,1.4902,10.71433,2.59006,0,0,0,0.02453,0,0,0.00724,0,0,0.02583,0,0,0,0,0,0,0,0,0,0.0059,0,0.0765,0.03611,0,0,9.04829,0,0,0,0,0,0,0.3348,0,0.00375,23.22766,0,0.01228,1.02923,0.25798,0,0.65099,0.83775,0.10561,0,0,0.93177,0.26781,0.49428,0.00325,0.52265,4.24204,0.0073,0.72819,22.59216,0,0.66022,0,0.20322,0.04759,0,0.01027,0,0,6.60241,0,0,0.03647,1.66287,0.04861,0,0,0,0,0,0,0,0.01775,0,0,0.01334,0,0,0.08518,0.00586,0.05883,0.18482,0,0,0,0,0,0.31796,0.0104,0,0,0,0,0,0,0,0,0.15661,0,0.30228,0.81249,0,0.01501,0,0,0,0,0,0,0,0,0,0.2244,0,0,0,0,0,0,0,0,0,0,0,1.58443,0,0.00286,0,0
MH0011,4.0086,0,0.01828,0,0,0,0,0,0,0,0,0.01831,0.00158,0,0,0,1.38673,0,0,0,0,0.02885,0.0267,0,0,0.03185,0,0,17.57743,0.44808,0,3.22483,0.00609,0.05893,0,1.61682,6.07838,0,0,0,0,9.65474,0,0.02555,0,0,0,0,0,0,0,0.04231,0,0,0,0,0,0,0,0,0,0,0,0,0.2618,0,0,0.03657,0,0,0,0,0,0,0,0.02275,0.10427,3.73329,0,0.12217,1.73222,0.2002,0,0.91445,1.14154,0.80205,0,0,6.65819,1.05534,0,0,0.29059,13.35081,0.04791,2.45117,14.2749,0,0.31012,0,0.99603,0.02395,0,0,0.04623,0,0,0,0,0,0.15974,0.01619,0,0,0,0,0,0,0,0,0,0,0,0,0,0.03015,0.00174,0,0.18091,0,0,0,0,0,1.06144,0.08731,0,0,0,0,0,0,0,0,0,0,0.02935,0,0,0,0,0,0,0,0,0,0,0,0,0.00063,0,0,0,0,0,0,0,0,0,0,0,5.60197,0,0,0,0
MH0012,0.43068,0,0,0,0,0.00261,0,0,0,0,0,0,0.00283,0.00506,0,0.00248,3.80411,0,0,0.03052,0,0.39812,0,0.01143,0,0.00496,0,0,21.93509,0,0,2.85955,0,0,0,1.82977,3.14357,0.01432,0,0,2.37119,9.55303,0,0,0,0,0,0,0,0,0,0.05671,0,0,0,0,0,0,0,0.00121,0,0,0,0.00344,0.01552,0.00489,0.01428,0.11359,0,0,0,0,0,0,0,0.00174,0.02308,2.63898,0,0.01453,1.03428,0.09075,0,0.69272,1.33753,0.26239,0,0,0.85728,0.57654,0.08981,0,1.90162,5.35104,0.03377,7.5738,18.19342,0,0.67963,0.00224,0.19563,0.1528,0.00057,0.00046,0.02496,0,0,0.00404,0,1.68048,2.19828,0.04826,0,0,0,0,0,0,0,0,0,0,0.00239,0,0.00107,0.05737,0.01421,0.63155,0.18308,0,0,0,0,0,0.14726,0.39896,0.00247,0,0.39196,0,0,0,0,0,0,0,0.71778,0,0,0,0,0,0,0.00399,0,0,0,0.00206,0,0.10909,0,0,0,0,0,0,0,0,0,0,0,5.06686,0,0,0.00031,0
MH0014,0.06246,0,0,0,0.00979,0,0,0,0,0,0,0,0,0,0,0,0.29092,0,0,0.01767,0,0.1,0,0,0.00642,0.00278,0,0,12.59696,0.5449,0,3.47023,0,0.08049,0,0.40109,1.5377,0.00372,0,0,0,12.32014,0,0.00644,0,0.01365,0,0,0,0,0,0.01705,0,0,0,0,0,0,0,0,0,0,0,0,0.01496,0,0,1.42356,0,0,0,0,0,0,0.00023,0.0003,0.00888,2.40051,0,0.00698,5.3597,0.08688,0,0.76046,0.41187,0.34665,0,0,1.4016,0.20906,0.05241,0,0.18324,7.37104,0.00852,2.45828,19.40666,0,0,0,0.07248,0.07587,0,0,0.03978,0,0,0,0,0,0.1782,0.04893,0,0,0,0,0,0,0,0,0,0,0.16166,0,0,0,0.1155,0,0,0,0,0,0,0,0.10033,0.01755,0,0,0,0,0,0,0,0,0,0,25.28468,0,0,0.31899,0,0,0,0,0.0046,0,0,0,0,0.00275,0,0,0,0,0,0,0,0,0,0,0,0.1845,0,0,0,0
MH0016,0.00236,0,0,0,0,0,0,0,0,0,0,0,0,0,0,0,0,0,0,0.07061,0,0.3089,0,0,0,0.00139,0,0,32.83073,0,0,4.37752,0.00305,0,0,4.26487,9.23032,0,0,0,0,5.96928,0,0.01856,0,0.12577,0,0,0,0,0,0,0,0,0,0,0,0,0,0.0047,0,0,0,0.02936,0.05696,0,0,2.76849,0,0,0,0,0,0,0,0.07748,0.02911,9.41855,0,0.25628,3.14298,0.12524,0,0.16593,0.95489,0.29439,0,0,6.44582,1.05944,0,0,0.34846,3.70775,0.09168,4.14938,8.56235,0,0,0,0.01034,0.1087,0,0,0.03386,0,0,0,0,0.0166,0.04143,0.00902,0,0,0,0,0,0,0,0.0169,0,0,0.08334,0.00489,0,0,0.07115,0,0.21759,0,0,0,0,0,0.36062,0.04855,0,0,0,0,0,0,0,0,0,0,0,0,0,0,0,0,0,0,0,0,0,0,0,0,0,0,0.01914,0,0,0,0,0,0,0.00852,0,0.05678,0,0,0,0
MH0020,0,0,0,0,0,0,0,0,0,0,0,0,0,0,0,0,1.92053,0,0,0.08576,0,0.47007,0,0.01895,0.00475,0.00354,0,0,40.53864,0,0,0,0,1.03378,0,1.0378,13.76537,0,0,4.41064,0,6.49575,0,0.01326,0,0.01668,0,0,0,0,0,0.01756,0,0,0,0,0,0,0,0,0,0,0,0,0.01792,0.00073,0,1.31078,0,0,0,0,0,0,0.01432,0.2252,0.01742,1.017,0,0.11525,1.52772,0.02054,0,0.97186,0.09332,0.38549,0,0,0.52429,0.27747,0,0,0.11833,5.69098,0.00615,3.42887,6.32147,0,0,0.00268,0.041,0.02855,0,0,0.02941,0,0,5.89414,0,0.02277,0.04736,0.02215,0,0,0,0,0,0,0,0,0,0,0.69065,0,0,0,0,0,0.07226,0,0,0,0,0,1.20005,0.02518,0,0,0,0,0,0,0,0,0,0,0.00564,0,0,0,0,0,0,0,0,0,0,0,0,0,0,0,0,0,0,0,0,0,0,0,0,0,0,0,0,0
MH0021,0.12352,0,0,0,0,0,0,0,0,0,0,0,0.00423,0,0,0,1.29385,0,0,0,0,0.01732,0,0.09464,0.12669,0,0,0,18.04565,0.19862,0,2.44956,0,0.11492,0,1.95977,7.81143,0,0,0,0,12.32058,0,0,0,0,0,0,0,0,0,0,0,0,0,0,0,0,0,0,0,0,0,0,0.17842,0,0,0.74732,0,0,0,0,0,0,0,0.00078,0,16.09329,0,0.4518,2.47437,0,0,1.6839,0.44627,1.45826,0,0,2.38044,0.28318,0,0,0.28045,3.79863,0,3.85277,11.79912,0,0,0,0,0.03687,0,0,0,0,0,5.8003,0,0,0,0.01148,0,0,0,0,0,0,0,0,0,0,0,0,0,0,0,2.64597,0,0,0,0,0,0,0.38785,0,0,0,0,0,0,0,0,0,0,0,0,0,0,0,0,0,0,0,0,0,0,0,0,0,0,0,0,0,0.0077,0,0,0,0,0,0,0.60299,0,0,0.00123,0.01581
MH0024,0.1179,0,0,0,0,0.00613,0,0,0,0,0,0,0.00062,0,0,0,0,0,0.00476,0.00362,0,0.10215,0,0.00754,0,0.00523,0,0,45.23127,0.00215,0,4.70898,0,0,0,0.03844,6.5645,0,0,0,0,11.42073,0,0,0,0,0,0,0,0,0,0.03332,0,0,0,0,0,0,0,0,0,0.00503,0,0,0.01343,0,0,0.01018,0,0,0,0,0,0,0,0,0.00608,7.68731,0,0.02868,1.24549,0.02911,0,2.23372,1.03294,2.05127,0,0,0.67117,0.15572,0.01759,0,0.22202,3.52943,0.00495,4.05104,8.04568,0,0,0,0.00085,0.04786,0,0,0.01423,0,0,0.50872,0,0,0.04493,0.02701,0,0,0,0,0,0,0,0,0,0,0,0,0.00041,0,0,0,0.01118,0,0,0,0,0,0,0,0,0,0,0,0,0,0,0,0,0,0,0,0,0,0,0,0,0,0,0,0,0,0,0.01355,0,0,0.02076,0,0,0,0,0,0,0,0,0.02183,0,0,0.00048,0
MH0025,0.51914,0,0,0,0,0.13149,0,0,0,0,0,0,0,0,0,0,2.61482,0,0,0,0,0.88772,0,0,0,0.02913,0,0,17.0684,0.60776,0,0.70199,0.01536,0.03892,0,0.33237,7.74993,0,0.004,0,0,5.29024,0,0,0,0.02681,0,0,0,0,0,0.02523,0,0,0,0,0,0,0.17036,0,0,0,0,0,0.05931,0,0,1.9101,0,0,0,0,0,0,0,0.00224,0.03269,12.60588,0,0.11614,1.70938,2.85344,0,2.5057,0.49057,1.09913,0,0,1.69807,1.13626,0,0,0.33018,3.8595,0.04402,2.74583,14.18345,0,0,0,0.66551,0.05953,0,0,0.03786,0,0,0,0,0,0.10207,0.00326,0,0,0,0,0,0,0,0,0.00911,0,0.00222,0.00669,0,0.04202,0.00972,0,0.31752,0,0,0,0,0,0.03665,0.49942,0,0,0,0.06359,0,0,0,0,0,0,10.3042,0,0,0.07867,0,0,0,0,0.00124,0,0,0,0,0,0,0.74165,0.00205,0,0.15193,0,0,0,0,0,0,3.26953,0,0,0,0
MH0026,0,0,0,0,0,0,0,0,0,0,0,0,0,0,0,0,0.01929,0,0,0.07456,0,0.48669,0,0,0.01348,0,0,0,14.81534,0,0,0,0,0.23024,0,0,0.08401,0,0,0,46.20719,2.18527,0,0,0,0,0,0,0,0,0,0,0,0,0,0,0,0,0,0,0,0,0,0,0.01121,0,0.03718,0.08914,0,0,0,0,0,0,0,0.14732,0.08167,7.11856,0,0.00225,3.76489,0.08201,0,3.04677,1.3102,1.33234,0,0,1.79908,0.57951,0.06222,0,0.14455,6.36327,0.00608,2.87727,5.84733,0,0,0,0.01643,0.23254,0,0,0.03148,0,0,0,0,0,0.03178,0.0119,0,0,0,0,0,0.0322,0,0,0,0,0,0,0,0,0,0,0.44841,0,0,0,0,0,0,0.12055,0,0,0,0,0,0,0,0,0,0,0,0,0,0,0,0,0,0,0,0,0,0,0,0,0,0,0,0,0,0,0,0,0,0,0,0.25579,0,0,0,0
MH0028,0.06227,0,0,0,0,0.00531,0,0,0,0,0,0,0,0,0,0,0.97688,0,0,0.02091,0,0,0.04366,0.0519,0,0.00148,0,0,27.2549,0.57431,0,12.6615,0.00957,0,0,1.04872,4.40472,0,0,0,0,18.37922,0,0.00872,0,0.07237,0,0,0,0,0,0,0,0,0,0,0,0,0,0,0,0,0,0,0.0076,0,0,1.41176,0,0,0,0,0,0,0.00094,0.01747,0.02517,7.3359,0,0.00469,1.46252,0.05626,0,0.26837,0.36059,4.53945,0,0,1.29831,0.6081,0,0,0.09916,1.79129,0.01129,1.8829,9.39374,0,0,0,0.00899,0.17222,0,0,0,0.09734,0,0.03198,0,0,0.0623,0,0,0,0,0,0,0,0,0.03176,0.00626,0,0,0.01837,0,0.00178,0,0,0.26074,0,0.01716,0,0,0,0.5913,0.02875,0,0,0,0,0,0,0,0,0,0,0,1.93501,0,0,0,0,0,0,0,0,0,0,0,0,0,0,0.01798,0,0,0,0,0,0,0,0,0.56608,0,0,0,0
MH0030,0.10206,0,0.00968,0,0,0,0,0,0,0,0,0,0.01755,0,0,0,0.85002,0,0,0,0,0.30324,0,0,0,0.01409,0,0,0.47936,0.30247,0,0.05682,0.00062,0,0,0.08414,1.2573,0,0.00756,0.17596,12.02556,0.30491,0,0,0,0,0,0,0,0,0.01026,0.02689,0,0,0.00226,0,0,0,0,0.71107,0,0,0,0,0.27098,0,0,0.0047,0,0,0,0,0,0,0,0,0,4.33981,0,0,1.33928,8.04301,0,8.95759,1.30419,0.89055,0,0,3.68637,0.28947,0,0,0.59995,10.67401,0.00982,17.66079,19.65593,0,1.65891,0,1.00837,0,0.00069,0,0,0,0.41191,0.00566,0,0,1.41389,0.05671,0,0,0,0,0,0,0,0.07392,0,0,0,0,0,0.0203,0,0.09818,0.33291,0,0,0,0,0,0.02209,0.3575,0,0,0,0,0,0,0,0,0,0,0,0,0,0,0,0,0,0,0,0,0,0,0,0.06432,0,0,0,0,0,0,0,0,0,0,0,0,0,0.00641,0,0
MH0031,0.26441,0.02336,0,0,0,0,0,0,0,0,0,0,0,0,0,0,0.7064,0,0,0,0,0.53412,0,0,0,0.04618,0,0,1.99968,0.02807,0,0.01311,0,0,0,0.42547,1.18287,0,0.02353,3.17792,14.52682,0.23685,0,0,0,0,0,0,0,0,0,0.01032,0,0,0,0,0,0,0,0.09739,0,0,0,0,0.03243,0,0,0.32322,0,0,0,0,0,0,3.12143,0,0.00157,7.42593,0,0.01661,1.6576,32.49019,0,0.69411,1.44,0.16476,0,0,2.43043,0.20222,0.59942,0,0.5465,5.51336,0.00584,3.87187,13.31254,0,0.17284,0,0.58137,0.00064,0,0.00433,0.0298,0,0,0.00378,0,0.15486,0.77939,0.00538,0,0,0,0,0,0.0282,0,0,0,0,0,0,0,0.0388,0.00159,0,0.33902,0,0,0,0,0,0.00242,0.01843,0,0,0,0,0,0,0,0,0,0,0,0,0,0,0,0,0,0,0,0,0,0,0,0.23185,0,0,0,0,0,0,0,0,0,0,0,0.44585,0,0.00399,0.00832,0.0026
MH0032,0.00925,0,0,0,0,0.00631,0,0,0.00345,0,0,0.01484,0,0,0,0,0.18412,0,0,0,0,0.2123,0,0,0,0.0136,0,0,4.37568,0.16269,0,0.07693,0,0.00787,0,0.31757,2.52174,0,0,1.04172,58.73443,3.87934,0,0,0,0,0,0,0,0,0,0.01372,0,0,0,0,0,0.00514,0,0.01788,0,0,0,0,0.05796,0,0,0.29979,0,0,0,0,0,0,0,0.0027,0,4.13021,0,0.00937,1.14178,0.05993,0,0.47898,0.3972,0.02831,0,0,3.64438,0.1149,0.03622,0,0.16252,8.41851,0.00348,0.54104,5.47251,0,0,0,0.19022,0.01299,0,0.02787,0.0247,0,0,0.00713,0,0.10053,2.23892,0.05771,0,0,0,0,0,0,0,0,0,0,0.00302,0,0,0.00354,0.0031,0.58054,0,0,0,0,0,0,0.00125,0.03546,0,0,0,0,0,0,0,0,0,0,0.00594,0,0,0,0.022,0.0307,0,0,0,0,0,0,0,0,0,0,0,0,0,0,0,0,0,0,0,0.05595,0,0,0,0
MH0033,0.09816,0.01372,0,0,0,0,0,0,0,0,0,0,0,0,0,0,0.59104,0,0,0.02761,0,0.2488,0,0,0,0.00866,0,0,18.14492,1.11724,0,1.21551,0.00882,0.00642,0,0.6333,1.79299,0,0,0,0,7.2478,0,0.01775,0,0.069,0,0,0,0,0,0.01176,0,0,0,0,0,0,0,0.13022,0,0,0,0,0.00675,0,0,0.53483,0,0,0,0,0,0,0.00215,0.00122,0.04355,27.18804,0,0.00912,1.96263,3.66634,0,0.55179,0.55929,0.34811,0,0,1.38757,0.46436,0.13838,0,0.467,6.84808,0.03856,4.17664,12.85691,0,0,0,0.01549,0.04845,0,0,0,0,0,5.91345,0,0,0.0872,0.08179,0,0,0,0,0,0,0,0.03233,0,0,0.00227,0,0,0,0,0,0.02278,0,0,0,0,0,0.25454,0.27348,0,0,0,0,0,0,0,0,0.15393,0,0.06116,0.06908,0,0,0,0,0.0051,0,0,0,0,0.00459,0,0.30997,0,0,0.01831,0,0,0,0,0,0,0,0,0.01103,0,0,0,0
MH0034,0,0,0,0,0,0,0,0,0,0,0,0,0,0,0,0,0.1012,0,0,0,0,0.05954,0,0,0,0.00346,0,0,6.74194,0.02051,0,0.38825,0,0,0,0.16359,3.18935,0,0,1.33026,65.42176,1.95423,0,0.052,0,0.04448,0,0,0,0,0,0.01148,0,0,0,0,0,0,0,0.06012,0,0,0,0,0.00363,0,0,0.82426,0,0,0,0,0,0,0,0,0,3.92026,0,0.01749,0.65486,0.05014,0,1.8636,0.25924,0.41053,0,0,1.06043,0.0361,0.03031,0,0.07035,4.48966,0.00066,0.04494,2.50173,0,0,0,0.00037,0.00889,0,0,0,0,3.41927,0,0,0,0.02322,0.02466,0,0,0,0,0,0,0,0,0,0,0,0,0.00312,0,0.00348,0.44072,0,0.17843,0,0,0,0,0.04239,0.07287,0,0,0,0,0,0,0,0,0,0,0,0,0,0,0,0,0,0,0,0,0,0,0,0,0,0,0,0,0,0.00224,0,0,0,0,0,0,0,0,0,0
MH0035,0.07485,0,0,0,0,0,0,0,0,0,0,0,0,0,0,0,2.43544,0,0,0.04252,0,0.18004,0,0,0.03142,0.00481,0,0,25.76021,0.76158,0,1.61847,0.0034,0,0,1.13363,3.81584,0,0,3.83642,0,3.64735,0,0.03128,0,0.01674,0,0,0,0,0,0,0,0,0,0,0,0,0,0.11103,0,0,0,0,0.8406,0,0,0.00877,0,0,0,0,0,0,0.8218,0,0.00203,16.15713,0,0.00463,2.66751,0.25953,0,0.48111,0.44781,0.18526,0,0,2.17773,0.15311,0.02849,0,0.67375,5.75783,0.0004,4.78562,6.80366,0.02458,0,0,0,0.01575,0,0,0.02346,0,0,8.10633,0,0,0.25146,0.3071,0,0,0,0,0,0,0,0,0,0,0.0283,0.00549,0,0,0.02296,0,0.03884,0,0,0,0,0,0.182,0.17165,0,0,0,0,0,0,0,0,0,0,0.0028,0,0,0,0,0,0,0,0,0,0,0.00565,0.00342,0.32624,0,0,0,0,0,0.00271,0,0,0,0,0.00166,4.71777,0,0,0,0
MH0036,0.11284,0,0,0,0,0.04446,0,0,0,0,0,0.01744,0,0,0,0,0,0,0.00598,0.0083,0,0.02518,0,0,0,0.00556,0,0,14.77456,0.67324,0,1.82168,0,0,0,2.38134,0.03674,0,0,6.3943,0.01237,13.73137,0,0,0,0,0,0,0,0,0,0.02418,0,0,0,0,0,0,0,0,0,0,0.01335,0,0,0,0,1.67173,0,0,0,0,0,0,0,0,0.00655,13.95675,0,0.00367,3.6477,0.49346,0,0.7775,0.56902,0.18767,0,0,2.38462,0.35405,0.17018,0,0.52455,6.27546,0.00726,1.22086,13.19854,0.01434,0,0,2.05596,0.01027,0,0,0.04182,0,0,11.79806,0,0,0.28253,0,0,0,0,0,0,0,0,0,0,0,0.01263,0,0,0,0.00118,0,0.01876,0,0,0,0,0,0.14525,0.00272,0,0,0,0,0,0,0,0,0,0,0.07658,0,0,0,0,0,0,0,0,0,0,0,0,0,0,0,0.00124,0,0,0,0,0,0,0,0,0.00622,0,0,0,0
MH0037,0,0,0,0,0,0.00725,0,0,0,0,0,0,0.03486,0,0,0,0.04611,0,0,0.01084,0,0.36255,0,0.00426,0.00201,0.00319,0,0,37.71057,4.24951,0,0.06183,0,0,0,1.67442,0.11108,0,0.00385,0,0,2.12542,0,0,0,0,0.00334,0,0,0,0,0.04733,0,0,0,0,0,0,0,0,0,0,0,0.00323,0.11944,0,0,0.11216,0,0,0,0,0,0,0,0.00808,0.04708,6.44598,0,0.1962,1.591,0.03691,0,0.60763,1.15526,0.31036,0,0,2.30595,0.17302,0.06246,0,0.21851,4.29118,0.0058,2.22524,10.56574,0,0,0,0.0076,0.03759,0,0,0.00359,0,0,14.87502,0,0,0.09572,0.15907,0,0,0,0,0,0,0,0,0,0,0.56453,0,0,0,0.75944,0,0,0,0,0,0,0,0,0,0,0,0,0,0,0,0,0,0,0,0.32823,0,0,0,0,0,0,0,0,0,0,0,0,0.05221,0,0,0,0,0,0,0,0,0,0,0,6.17674,0,0,0.00057,0
MH0038,0,0,0,0,0,0.01861,0,0,0,0,0,0,0,0,0,0,0.80616,0,0,0,0,0.09173,0,0,0,0.00734,0,0,30.99469,0.44451,0,0.11108,0.00061,0.00052,0,0.61745,8.04125,0,0,0,0,3.09492,0,0.02036,0,0.03844,0,0,0,0,0,0.03372,0,0,0,0,0,0,0,0,0,0,0,0,0.04015,0,0,0.00121,0,0,0,0,0,0,0,0,0.00201,32.36158,0,0.00641,1.09996,0.13745,0,0.88866,0.47296,0.13216,0,0,1.86123,0.15246,0.21759,0,0.31679,3.71555,0.0078,1.78868,10.82954,0,0,0,0.07498,0.04014,0,0,0.06992,0,0,0,0,0,0.27283,0.09147,0,0,0,0,0,0,0,0,0,0,0.52219,0,0,0,0.13367,0,0,0.01613,0,0,0,0,0.08661,0.03125,0,0,0,0,0,0,0,0,0,0,0.0117,0,0,0,0,0,0,0,0,0,0,0,0,0.28912,0,0,0,0,0,0,0,0,0,0,0.00343,0.003,0,0,0,0
MH0039,0.00727,0,0,0,0,0.0231,0,0,0,0.01482,0,0,0,0,0,0,0.76017,0,0,0,0,0.3793,0,0,0,0.00834,0,0,44.70881,0.31868,0,0.24059,0.00537,0.0216,0,1.16469,6.17488,0,0,0,0,6.75987,0,0.11379,0,0,0,0,0,0,0,0.02513,0,0,0,0,0,0,0,0,0,0,0,0,0.0057,0,0,0.00459,0,0,0,0,0,0,0,0.00128,0.02001,4.56692,0,0.13388,1.5587,0.13112,0,1.08041,0.74183,0.34074,0,0,7.25581,0.49958,0.09948,0,0.04884,9.36392,0.03512,0.88762,5.58609,0,0,0,1.06211,0.04024,0,0,0,0,3.17189,0,0,0,0.11857,0.00375,0,0,0,0,0,0,0,0.03454,0,0,0.00883,0.005,0,0,0.00649,1.99806,0,0,0,0,0,0,0.00366,0.21648,0,0,0,0,0,0,0,0,0,0,0,0,0,0,0,0,0,0,0,0,0,0,0,0,0,0,0,0.00847,0,0,0,0,0,0,0,0.23388,0,0,0,0
MH0040,0,0,0,0,0,0.0139,0,0,0,0,0,0,0,0,0,0,0.59399,0,0,0,0,0.12599,0,0.09034,0.00566,0.00659,0,0,21.97877,2.93872,0,0,0,0,0,0.99469,1.76599,0,0,0,0,15.3474,0,0.01141,0,0,0,0,0,0,0,0.10583,0,0,0,0,0,0,0,0,0,0,0,0,0.30929,0,0,0.04052,0,0,0,0,0,0,0,0.0174,0.02383,8.71543,0,0.0088,1.13575,2.41217,0,0.92968,0.27066,1.6339,0,0,1.54375,1.93753,0.013,0,1.29616,5.96247,0.05014,4.80839,14.81252,0,0,0,0.01267,0.03993,0,0,0,0,0,8.83837,0,0.02679,0.09173,0.29009,0,0,0,0,0,0,0,0,0,0,0,0,0,0,0,0,0.0418,0,0,0,0,0,0,0,0,0,0,0,0,0,0,0,0,0,0,0,0,0,0,0,0,0,0,0,0,0,0,0.04031,0,0,0,0,0,0,0,0,0,0,0,0.71763,0,0,0,0
MH0041,0,0,0,0,0,0.01208,0,0,0,0,0,0,0.00369,0,0,0,7.95147,0,0,0.05866,0,1.38181,0,0,0,0.00338,0,0,21.48145,0.47758,0,1.32562,0,0,0,0.96749,3.31858,0,0,0,0,7.90165,0,0,0,0,0,0,0,0,0,0.00657,0,0,0,0,0,0,0,0,0,0,0,0.03428,0.32456,0,0.01891,2.33251,0,0,0,0,0,0,0,0.06464,0.00696,14.67748,0,0.03153,1.55047,0.07316,0,1.27906,1.80145,0.20723,0,0,1.1035,1.34422,0,0,0.24362,5.26927,0.00987,3.66964,6.78265,0,0,0,1.44217,0.02816,0,0,0.00572,0,0,10.04217,0,0.0182,0.01772,0.02432,0,0,0,0,0,0,0,0,0,0,0,0,0,0.04957,0,1.43081,0,0,0,0,0,0,0.15173,0.78508,0,0,0,0,0,0,0,0,0,0,0.09699,0,0,0,0,0,0,0,0,0,0,0.00471,0,0.05906,0,0,0,0,0,0,0,0,0,0,0,0.12851,0,0,0,0
MH0042,0.19763,0,0.0045,0,0,0.00575,0,0,0,0.01476,0,0,0.00232,0,0,0,4.64764,0,0,0.00558,0,0.27096,0,0,0.00935,0.01092,0,0,9.76949,0.86241,0,5.04662,0.00256,0.01737,0,1.0379,1.14739,0,0,0.46346,0,14.22402,0,0,0,0.01515,0.00514,0,0.00138,0,0,0.07503,0,0,0,0,0,0,0,0,0,0,0,0,0.00075,0,0,1.50382,0,0,0,0,0,0,0,0.00044,0,12.63744,0,0.0612,1.33727,1.54712,0,4.91596,3.79597,0.78,0,0,1.03708,0.21269,0.09753,0,0.33761,3.89131,0.00354,2.70611,22.24187,0,0,0,0.01001,0.09807,0,0,0.05542,0,0,3.02826,0,0,0.16861,0.04288,0,0,0,0,0,0,0,0,0,0,0.20379,0,0,0.05166,0.07175,0.02865,0,0,0,0,0,0,0.0308,0.138,0,0,0,0,0,0,0,0,0,0,0.01191,0,0,0,0,0,0,0,0,0,0,0,0,0.1414,0,0,0,0,0,0,0,0,0,0,0,0.97374,0,0,0,0
MH0043,0,0,0,0,0,0.01445,0,0,0,0,0,0,0.00259,0,0,0,0.78667,0,0,0.00113,0,0.07864,0,0.00026,0.01886,0.00523,0,0,14.40227,1.11806,0,7.08671,0.00428,0.03614,0,1.47097,0.9301,0,0,0,0,20.75794,0,0.00791,0.00746,0,0,0.00035,0,0,0,0.0576,0,0,0.00414,0,0,0,0,0,0,0,0,0,0.02382,0,0.0022,0.12132,0,0,0,0,0,0,0,0.00073,0.0027,6.61055,0,0.02757,1.16245,1.45223,0,7.16637,0.31473,0.94013,0,0,0.31973,0.19986,0.04592,0,0.21194,5.25391,0.00238,4.02725,18.8853,0,0,0,0.01008,0.01356,0,0,0.01492,0,0,3.95625,0,0,0.26125,0.06321,0,0,0,0,0,0,0,0,0,0,0.3071,0,0,0.02306,0.11063,0,0,0,0,0,0,0,0.0302,0.22681,0,0,0,0,0,0,0,0,0,0,0.0227,0,0,0,0,0,0,0,0,0,0,0.00857,0.00566,0.26254,0,0,0,0,0,0,0,0,0,0,0,1.12062,0,0,0,0
MH0044,0,0,0,0,0.00663,0,0,0,0,0,0,0,0,0,0,0,0.68887,0,0,0.0172,0,0.09832,0,0,0,0.00308,0,0,13.29058,0.26577,0,0.42795,0,0,0,0.52471,2.94676,0,0,2.87226,0,4.30751,0,0.0074,0,0.00911,0,0,0,0,0,0.01961,0,0,0,0,0,0,0,0,0,0,0,0,0.01644,0,0,4.86339,0,0,0,0,0,0,0.00101,0,0.00682,5.65866,0,0.01798,1.3961,25.08688,0,0.33637,0.22074,0.37045,0,0,2.9642,0.15173,0.05175,0,0.07991,13.60972,0.00965,0.34101,14.77243,0,0,0,0.01381,0.0213,0,0,0.01588,0,0,4.08707,0,0,0.0793,0.03451,0,0,0,0,0.00395,0,0,0,0,0,0.05082,0,0,0,0.02158,0,0,0,0,0,0,0,0.18823,0.01564,0,0,0,0,0,0,0,0,0,0,0.017,0,0,0,0,0,0,0,0,0,0,0,0,0,0,0,0,0,0,0,0,0,0,0,0,0.00776,0,0,0.00215,0
MH0045,0,0,0,0,0,0,0,0,0,0,0,0,0,0,0,0,0.23424,0,0,0,0,0.37713,0,0.10472,0.02182,0,0,0,40.0154,0.81431,0,0.85451,0.011,0,0,0.99079,1.62558,0,0,0,5.04562,0.9992,0,0.05107,0,0.02514,0.00583,0,0,0,0,0,0,0,0,0,0,0,0,0,0,0,0,0.04383,0.08541,0,0.02142,0.06021,0,0,0,0,0,0,0.00036,0.01017,0.01485,7.57703,0,0.41832,4.33919,0.17095,0,1.62464,0.93304,1.20421,0,0,6.90793,0.10381,0.3393,0,0.12215,12.53142,0.00598,2.37067,3.17898,0,0,0,0.00733,0.11036,0,0.00561,0,0,4.76019,0,0,0,0.09122,0.00685,0,0,0,0,0,0,0,0,0,0,0.09281,0,0,0,0.84811,0,0,0,0,0,0,0,0.54239,0.01662,0,0,0,0,0,0,0,0,0,0,0.05162,0,0,0,0,0,0,0,0,0,0,0,0,0,0,0,0,0,0,0,0,0,0,0,0,0.22669,0,0,0,0
MH0046,0,0,0,0,0,0.00848,0,0,0,0,0,0,0,0,0,0,0,0,0,0.01423,0,0.22342,0,0,0,0.00905,0,0,14.01214,0.39497,0,0.35585,0.00335,0.0159,0,0.45079,1.59408,0,0.01041,10.37845,16.13932,4.30246,0,0.02785,0,0.04415,0,0,0,0,0,0.00922,0,0,0,0,0,0,0,0,0,0,0.02985,0,0.02799,0,0,0.03384,0,0,0,0,0,0,0,0,0.04423,11.32378,0,0.03844,1.93808,0.17452,0,6.53956,0.35956,1.41589,0,0,4.5082,0.67167,0.02434,0,0.11664,7.73582,0.08091,1.34114,5.74774,0,0.52123,0,0.25549,0.08057,0,0,0,0,6.12084,0,0,0,0.0373,0.00689,0,0,0,0,0,0,0,0.02536,0,0,0.00186,0,0,0,0.01207,1.31289,0,0.0882,0,0,0,0,0.00999,1.04045,0,0,0.2196,0,0,0,0,0,0,0,0,0,0,0,0,0,0,0,0,0,0,0,0,0,0,0,0,0.01243,0,0,0,0,0,0,0,0.09589,0,0,0,0.01261
MH0047,0,0,0,0,0,0,0,0,0,0,0,0,0,0,0,0,0.78377,0,0,0,0,0.09224,0,0,0,0.00895,0,0,12.44225,0.18151,0,2.95217,0,0.12799,0,0.64955,5.63918,0,0,27.98891,0,8.25888,0,0.02157,0,0,0,0,0,0,0,0,0,0,0,0,0,0,0,0,0,0,0,0,0.09639,0.00244,0,5.46276,0,0,0,0,0,0,0,0.04926,0.15422,3.89768,0,0,9.87965,0,0,0.13341,0.07645,0.59915,0,0,1.39307,2.68261,0.30175,0,0,1.1612,0.11691,2.63424,6.63015,0,0,0.71795,0.76966,0.06323,0,0,0,0,3.16405,0,0,0,0.01927,0.1995,0,0,0,0,0,0,0,0,0,0,0,0.01136,0,0,0,0,0.16605,0,0,0,0,0,0.28854,0.13047,0,0,0,0,0,0,0,0,0,0,0.05159,0,0,0,0,0,0,0,0,0,0,0,0,0,0,0,0,0,0,0,0,0,0,0,0,0,0,0,0,0
MH0048,0,0,0,0,0,0,0,0,0,0,0,0,0,0,0,0,1.78829,0,0,0.00616,0,0.55198,0,0,0,0.01127,0,0,18.83742,0.22422,0,3.29357,0.00105,0.26742,0,0.73611,3.00992,0,0,0,0,9.51812,0,0,0,0,0,0,0,0,0,0.01143,0,0,0,0,0,0,0,0,0,0,0,0,0.04463,0,0,3.3426,0,0,0,0,0,0,0,0,0.0034,4.12366,0,0.04761,1.6361,0.05096,0,0.31416,0.63574,0.55938,0,0,0.71545,0.24788,0,0,0.33833,5.03552,0.00885,6.97829,33.91768,0,0,0.00603,0.74655,0.02048,0,0,0.02298,0,0,0.00241,0,0.05593,0.21571,0.00056,0,0,0,0,0,0,0,0,0,0,0.01633,0,0,0.06058,0.02459,0,0.01753,0,0,0,0,0,0.3031,0.53147,0,0,0,0,0,0,0,0,0,0,0,0,0,0,0,0,0,0,0,0,0,0,0,0,0,0,0,0,0.02607,0,0,0,0,0,0,1.69251,0,0,0,0
MH0049,0,0,0,0,0,0,0,0,0,0,0,0,0,0,0,0,0.36226,0,0,0.09468,0,0.10643,0,0,0,0,0,0,23.39431,0.51775,0,0.60199,0,0,0,0.53328,1.75644,0,0,0,25.42866,1.32042,0,0,0,0,0,0,0,0,0,0,0,0,0,0,0,0,0,0,0,0,0,0,0.02433,0,0,0,0,0,0,0,0,0,0,0,0,1.22358,0,0.00566,1.84499,0.01801,0,0.82469,0.55755,0.32132,0,0,5.78566,0.21424,0,0,0,7.00488,0,1.59324,5.47175,0,0,0,0,0.01547,0,0,0,0,0,17.27784,0,0,0.01745,0.00128,0,0,0,0,0,0,0,0,0,0,0.00193,0,0,0,0.02538,3.43528,0,0,0,0,0,0,0.1961,0,0,0,0,0,0,0,0,0,0,0,0,0,0,0,0,0,0,0,0,0,0,0,0,0.00567,0,0,0,0.01745,0,0,0,0,0,0,0,0,0,0,0,0
MH0050,0.1037,0.00357,0,0,0,0,0,0,0,0,0,0,0,0,0,0,0.93312,0,0,0,0,0.34738,0,0,0,0.01903,0,0,5.90284,0.75075,0,0.56492,0.0003,0,0,2.40413,2.05826,0,0,1.67639,11.9343,8.7161,0,0.06848,0,0.01624,0,0,0,0,0,0.02592,0,0,0,0,0,0,0,0.21271,0,0,0,0,0,0.00222,0.03164,0.01048,0,0,0,0,0,0,0,0.00045,0.00475,4.522,0,0.01053,1.75178,30.22452,0,5.50796,2.25089,0.07429,0,0,1.14846,0.20847,0.01907,0,0.31974,7.15702,0.00581,1.80203,6.12783,0,0,0,0.72564,0.01563,0,0,0.02132,0,0,0,0,0,0.07863,0.00467,0,0,0,0,0,0,0,0.03563,0.00746,0,0,0.01031,0,0.21568,0.05045,0.06568,0.12494,0,0,0,0,0,0,0.16341,0,0,0,0,0,0,0,0,0,0,0.03233,0,0,0,0,0,0,0,0,0,0,0,0,0.01233,0,0,0,0,0,0,0,0,0,0,0,1.51775,0,0,0,0
MH0051,0.07591,0,0,0,0,0.00872,0,0,0,0,0,0,0,0,0,0,0.11715,0,0,0,0,0,0,0,0,0,0,0,25.31909,0.72253,0,0,0.01077,0,0,1.48518,2.31359,0,0,0,0,12.22798,0,0.01432,0,0.02281,0,0,0,0,0,0.00949,0,0,0,0,0,0,0,0.00548,0,0,0,0,0.01272,0,0,0,0,0,0,0,0,0,0,0,0.00354,28.8795,0,0.00552,0.89954,0.15191,0,3.73685,1.48701,0.20494,0,0,2.27212,0.10625,0.07513,0,0.26263,1.87747,0.00648,0.66685,10.321,0,0,0,1.24909,0.01494,0,0,0,0,0,4.04313,0,0.02322,0.02558,0.04549,0,0,0,0,0,0,0,0,0,0,0.02315,0,0,0,0.01241,0.9442,0,0,0,0,0,0,0.28115,0,0,0,0,0,0,0,0,0,0,0,0.00417,0,0,0,0,0,0,0,0,0,0,0,0,0,0,0,0,0,0,0,0,0,0,0,0,0.031,0,0,0,0
MH0052,0.16507,0,0,0,0,0.01153,0,0,0,0,0,0,0,0,0,0,0.33643,0,0,0,0,0.12069,0,0,0,0.01318,0,0,14.05975,0.07531,0,0.4238,0,0.01111,0,0.40259,1.34704,0,0,0.7458,0,5.96867,0,0,0,0,0,0,0,0,0,0,0,0,0,0,0,0,0,0.14848,0,0,0,0.09631,0.07618,0,0,3.25027,0,0,0,0,0,0,0,0,0.01387,15.17814,0,0.00413,0.67761,3.34498,0,6.17207,1.48682,1.97703,0,0,1.81419,0.29768,0.13236,0,0.05567,5.0303,0.03519,4.22948,22.04905,0,0,0,0.05724,0,0,0,0,0.90519,0,4.50961,0,1.19668,0.33804,0.00254,0,0,0,0,0,0,0,0,0,0,0.10403,0,0,0,0.1002,1.61997,0,0,0,0,0,0,0.59687,0.5148,0,0,0,0,0,0,0,0,0,0,0.24995,0,0,0,0,0,0,0,0,0,0,0,0,0.05412,0,0,0,0,0,0,0,0,0,0,0,0,0,0,0,0
MH0053,0.29597,0,0,0,0,0,0,0,0,0,0,0,0,0,0,0,2.20268,0,0,0,0,0.95787,0,0,0,0.10234,0,0,0.57914,0.01709,0,0.00724,0,0,0,0.01741,1.05502,0,0,0.09086,8.88291,0.39293,0,0,0,0,0,0,0,0,0,0.0085,0,0,0,0,0,0,0,0.13554,0,0,0,0.00852,0.08384,0,0,0.01849,0,0,0,0,0,0,0,0,0,21.36998,0,0.03093,1.8539,9.34907,0,1.16984,1.91674,1.9506,0,0,1.36459,0.21345,0.02244,0,0.55684,8.50109,0.00528,6.31111,22.53766,0,1.87744,0,1.4039,0.02021,0,0,0,0.32269,0.6885,0.02889,0,0.6695,2.22338,0.12511,0,0,0,0,0,0,0,0,0,0,0,0,0,0.02282,0,0.06365,0.26461,0,0,0,0,0,0.003,0.20699,0,0,0,0,0,0,0,0,0,0,0.03962,0,0,0,0,0,0,0,0,0,0,0,0,0.01845,0,0,0,0,0,0,0,0,0,0,0,0,0,0,0.01138,0
MH0054,0.10813,0,0,0,0,0.01178,0,0,0,0,0,0,0,0,0,0,1.63574,0,0,0.03958,0,0.12874,0,0.00553,0,0.00148,0,0,11.06425,0,0,0,0,0,0,0.34524,0.02573,0,0,0,0.00857,14.35326,0,0.00967,0,0,0,0,0,0,0,0.03842,0,0,0,0,0,0,0,0.00045,0,0,0,0,0.01783,0,0,0.03233,0,0,0,0,0,0,0.01525,0,0.02963,11.09731,0,0.01884,1.0809,2.36053,0,2.66869,0.11045,0.44492,0,0,2.31887,0.09195,0.03086,0,0.28988,6.88001,0.00504,1.09989,28.30455,0,0,0.15887,0.00161,0.05205,0,0,0,0,1.9414,0,0,0,0.06908,0.00593,0,0,0,0,0,0,0,0,0,0,0.02092,0,0,0,0.01897,2.79477,0,0,0,0,0,0,0,0,0,0,0,0,0,0,0,0,0,0,0.98343,0,0,0,0,0,0,0,0,0,0,0,0,0.01962,0,0,0,0.00864,0,0,0,0,0,0,0,9.25039,0,0,0,0
MH0055,0,0,0,0,0,0,0,0,0,0,0,0,0.00343,0,0,0,0.61703,0,0,0,0,0.42893,0,0,0,0.01044,0,0,36.32284,0.17905,0,0.60605,0.00144,0,0,0.36283,1.77062,0,0.00903,1.73127,0.02808,4.9795,0,0,0,0.02466,0,0,0,0,0,0.01896,0,0,0,0,0,0.0032,0,0,0,0,0,0,0.15188,0.00354,0,0.02658,0,0,0,0,0,0,0,0.00217,0.02128,7.16274,0,0.00929,2.15554,6.86614,0,6.92738,0.69661,0.20877,0,0,6.19148,0.36879,0.03337,0,0.15973,7.53253,0.02053,0.36384,5.98995,0,0,0,0.55676,0.05222,0,0,0.03993,0,0,4.91104,0,0,0.07671,0.05149,0,0,0,0,0,0,0.00665,0.01738,0,0,0,0,0,0.02701,0.01269,1.78104,0,0.09068,0,0,0,0,0.00292,0.0287,0,0,0.0193,0,0,0,0,0,0,0,0,0,0,0,0,0,0,0,0,0,0,0.01451,0.00309,0.31837,0,0,0,0,0,0,0,0,0,0,0,0,0,0,0,0
MH0056,0.48762,0,0.00429,0,0,0.00548,0,0,0,0,0,0,0,0,0,0,1.01798,0,0,0,0,0.18852,0,0,0.00759,0.02335,0,0,12.38014,0.63235,0,0.5892,0.01221,0.04522,0.00128,0.37638,3.80193,0,0.00567,2.83821,0.05437,6.58754,0,0.02697,0,0.02039,0,0,0,0.00365,0,0.04764,0.00588,0,0,0,0,0,0,0.006,0,0,0,0,0.05141,0,0.0074,0.1748,0,0,0,0,0,0,0,0.01305,0.053,19.99607,0,0.1214,3.06251,0.0743,0,3.63833,0.84921,0.31908,0,0,2.72708,1.07154,0.04716,0.00124,0.27455,7.05656,0.20483,1.07938,27.42628,0,0,0.00205,0.05823,0.02276,0,0.00406,0.03364,0,0,0,0,0.01544,0.08832,0.00505,0,0,0,0,0,0,0,0,0,0,0.00618,0.00947,0,0.00788,0.00313,0.27939,0,0.02848,0,0,0,0,0.15815,0.59556,0.07623,0,0,0,0,0,0,0,0,0,1.14518,0,0,0,0,0,0,0,0,0,0,0,0,0,0,0,0,0,0,0,0,0,0,0,0,0.0332,0,0.0046,0.00399,0
MH0057,0,0,0,0,0,0,0,0,0,0,0,0,0,0,0,0,0.16242,0,0,0,0,0.20751,0,0,0,0.00158,0.00292,0,16.58124,0.56428,0,2.9132,0.0037,0.01824,0,0.46778,7.6159,0,0.07564,22.74516,0,7.67078,0.00759,0.19585,0,0.01543,0.00297,0,0,0,0,0.04779,0,0,0,0,0,0,0,0,0,0,0,0,0.007,0,0,0.1157,0,0,0,0,0,0,0,0.12404,0.04919,8.5163,0,0.02283,0.69975,0.03801,0,0.94252,0.28114,0.43734,0,0,0.96504,1.62591,0.07209,0,0.10049,3.59003,0.01764,2.20095,3.29778,0,0.32929,0,0.01037,0.04746,0,0,0.55444,3.64405,0,9.95182,0,0.02344,0.03682,0,0,0,0,0,0,0,0,0.01877,0,0,0,0.01086,0,0,0.0082,2.21935,0,0,0,0,0,0,0.62065,0.01838,0,0,0,0,0,0,0,0,0,0,0,0,0,0,0,0,0,0,0,0,0,0,0,0,0,0,0,0.00921,0,0,0,0,0,0,0,0.0932,0,0,0,0
MH0058,0.04619,0,0,0,0,0,0,0,0,0,0,0,0,0,0,0,0.46948,0,0,0.06306,0,0.26725,0,0,0.01143,0.00573,0,0,27.8212,0.30637,0,2.41109,0.0032,0.0236,0,0.93925,5.00317,0,0,1.90961,0,9.65377,0,0.04997,0,0,0,0,0,0,0.00421,0.02758,0,0,0.00092,0,0,0.00147,0,0.0023,0,0,0,0,0.31781,0,0,0.22409,0,0,0,0,0,0,0,0.00465,0.01278,6.36546,0,0.09244,2.31076,0.17656,0,0.3628,0.687,1.2764,0,0,10.54908,0.81073,0,0,0.12164,7.16599,0.01361,1.33765,10.88868,0.01058,0,0,0.00294,0.05738,0,0,0,0,3.03806,0,0,0,0.07438,0.01168,0,0,0,0,0,0,0,0,0,0,0,0,0,0.01091,0.00303,3.22968,0,0,0,0,0,0,0.05285,0.34179,0,0,0,0,0,0,0,0,0,0,0.27852,0,0,0,0,0,0,0,0,0,0,0,0,0,0,0,0,0,0,0,0,0,0,0,0,1.14848,0,0,0.00078,0
MH0059,0.00353,0,0,0,0,0,0,0,0,0,0,0,0,0,0,0,1.81255,0,0,0.06791,0,0.53962,0,0,0,0.00361,0,0,12.57928,0.20298,0,6.87551,0.00116,0,0,0.57776,4.12521,0,0,2.36525,0.00485,4.1443,0,0,0,0,0.00271,0,0,0,0,0.00637,0,0,0,0,0,0.00346,0,0,0,0,0,0,0.0478,0,0,0.06314,0,0,0,0,0,0,0,0.02347,0.00936,28.68185,0,0.01708,1.78323,4.67731,0,1.6029,1.51543,0.13201,0,0,1.81639,0.18194,0.10082,0,0.34212,4.14779,0.00791,2.56793,9.11569,0,0,0,1.97775,0.00908,0,0.02816,0,0,3.61378,0,0,0,0.07725,0.04058,0,0,0,0.01235,0,0,0,0,0,0,0.01968,0.00506,0,0.00761,0.01336,1.84784,0,0,0,0,0,0,0.02833,0,0,0,0,0,0,0,0,0,0,0,0.41393,0,0,0,0,0,0,0,0,0,0,0,0,0.00805,0,0,0,0.00858,0,0,0,0,0,0,0,1.73839,0,0,0,0
MH0060,0.61712,0.02804,0.00743,0,0,0,0,0,0,0,0,0,0,0,0,0,0.91702,0,0,0.13329,0,0.0026,0,0.00855,0,0.0029,0,0,11.26171,0,0,0,0,0,0,1.59191,1.56237,0,0,0,0,6.04145,0,0,0,0,0,0,0,0,0,0.03095,0,0,0,0,0,0,0,0,0,0,0,0,0.01038,0,0.1311,0.07069,0,0,0,0,0,0,1.02344,0,0.01963,5.17288,0,0.00774,0.7478,3.58878,0,1.09969,1.50304,0.43246,0,0,0.57777,0.25998,0.05447,0,0.60508,16.62304,0.0212,0.57016,22.00403,0,0,0,1.25334,0.10005,0,0,0,0,4.51502,0,0,0,0.13913,0.12889,0,0,0,0,0,0,0,0,0,0,0,0,0,0.26888,0,0.00045,0.53271,0,0,0,0,0,0.1441,0.04794,0,0,0,0,0,0,0,0,0,0,0.06262,0,0,0,0,0,0,0,0,0,0,0,0,0.00237,0,0,0,0,0,0,0,0,0,0,0,16.07583,0,0,0,0
MH0061,0,0,0,0,0,0.01553,0,0,0,0,0,0,0,0,0.00332,0,0,0,0,0.00246,0,0.08081,0,0,0,0,0,0,55.86882,0,0.0006,11.17699,0,0,0,0,0.81141,0,0.00393,0,0.02479,4.12747,0,0.03187,0,0.04626,0,0,0,0,0,0.01689,0,0,0,0,0,0,0,0,0,0,0,0,0.04224,0,0,0.69321,0,0,0,0,0,0,0.01759,0.019,0.0259,2.79887,0,0.04116,0.45219,0.05875,0,0.00134,0.04249,0.12183,0,0,0.78857,0.32886,0.14489,0.00316,0.02462,3.4704,0,0.63739,9.80247,0,0,0.00122,0.00216,0.08941,0,0,0,0,0,6.61688,0,0.01546,0.03985,0.17324,0.00271,0,0,0,0,0,0,0,0,0,0,0,0,0,0,0,0,0,0,0,0,0,0.32185,0.01236,0,0,0,0,0,0,0,0,0,0,0.25254,0,0,0,0,0,0,0,0,0,0,0.00691,0.00544,0.7339,0,0,0,0,0,0,0,0,0,0,0,0,0,0,0,0
MH0062,0,0,0,0,0,0,0,0,0,0.00954,0,0,0,0,0,0,1.28596,0.03736,0,0.19806,0.02589,1.68891,0,0.00638,0,0,0,0,7.61244,3.17784,0,6.75191,0.00265,0.43117,0,0.74518,2.27676,0.04611,0,0,0.11286,7.61198,0,0,0,0,0,0,0,0,0,0.00644,0,0,0.0092,0,0,0,0,0,0,0,0,0,0.00306,0.0018,0.04398,0.46399,0,0.00759,0.00361,0.0037,0.20478,0.02243,0.00984,0.00458,0.02577,3.4692,0,0.211,3.63511,0.01807,0,1.98791,1.60238,2.27784,0,0,1.38011,0.82931,0.01699,0.04778,0.17914,10.97193,0.05313,25.51954,4.4893,0,0,0.00221,0.03535,0.09404,0.05367,0,0.04917,0.49035,0,5.95415,0,0,0.01736,0.00069,0.31252,0,0,0,0,0,0,0,0,0,0.04715,0,0,0.04413,0.0912,2.49182,0,0,0,0,0,0,0.61796,0.04205,0,0,0,0,0,0,0,0,0,0,0.12678,0,0,0,0,0,0,0,0,0,0,0,0,0,0,0,0,0,0,0,0,0,0,0,0,0,0,0,0,0.00887
MH0063,0.18232,0,0,0,0,0,0,0,0,0,0,0,0,0,0,0,0.25503,0,0,0,0,0.25552,0,0,0,0.03936,0,0,4.07227,0.12392,0,0.21459,0.0022,0.03415,0,0.77868,2.88507,0,0.03255,0.87648,27.65232,0.7299,0,0,0,0.04033,0,0,0,0,0,0.03218,0,0,0,0,0,0,0,0.02986,0,0,0,0,0.04316,0,0,3.16177,0,0,0,0,0,0,0,0,0.00928,6.21121,0,0.04124,1.70505,10.23086,0,6.03974,0.8982,1.23507,0,0,3.41279,0.19017,0.04248,0,0.31576,5.14319,0.04062,0.79567,18.60281,0.0176,0,0,0.98343,0.00291,0,0,0,0.64852,0.11868,0.01088,0,0.02828,1.12826,0.00764,0,0,0,0,0,0,0,0.06636,0,0,0,0.0064,0,0.03914,0,0.08775,0.18676,0,0,0,0,0,0.02569,0.03788,0,0,0,0,0,0,0,0,0,0,0,0,0,0,0,0,0,0,0,0,0,0,0,0,0,0,0,0,0.24806,0,0,0,0,0,0,0,0,0,0,0
MH0064,0,0,0,0,0,0.02014,0,0,0,0,0,0,0,0,0,0,0.5041,0,0,0.00058,0,0.13426,0,0,0,0.00526,0,0,8.43017,0.47959,0,1.1776,0.00147,0,0,0.68307,3.80418,0,0,0,38.73209,9.26253,0,0.00827,0,0,0,0,0,0,0,0.02738,0,0,0,0,0,0,0,0,0,0,0,0,0.12983,0.00248,0,0.01751,0,0,0,0,0,0,0,0.00076,0.00804,1.43499,0,0.08512,0.97973,0.08767,0,2.76157,0.40842,0.42973,0,0,3.22008,0.38236,0,0.0012,0.1696,9.33916,0.01966,0.74347,5.43623,0,0,0,0,0.01817,0,0,0.00476,0,0,8.83816,0,0.02839,0.11074,0.01862,0,0,0,0,0,0,0,0,0,0,0.00333,0,0,0.00094,0.02292,1.10272,0,0,0.01627,0,0,0,0.21935,0.00415,0,0,0,0,0,0,0,0,0,0,0,0,0,0,0,0,0,0,0,0,0,0,0,0.01754,0,0,0.01705,0.00738,0,0,0,0,0,0,0,0.64024,0,0,0.00095,0
MH0065,1.23846,0,0.01153,0,0,0.00737,0,0,0,0,0,0,0.01759,0,0,0,0.25805,0,0,0.02842,0.00037,0.02655,0,0,0,0.01072,0.01678,0.01344,6.61347,0.43189,0,6.96841,0,0.08369,0,0.75277,2.85479,0,0,1.36162,15.49411,7.95564,0,0.03628,0,0,0,0,0,0,0,0.06408,0,0,0,0,0,0,0,0,0,0,0,0.00431,0.09721,0,0,0.01861,0,0,0.00186,0,0,0,1.59617,0,0.00893,6.61392,0,0.09854,2.14001,5.89947,0,4.62958,0.6451,0.5292,0,0,1.29201,0.26541,0.23258,0,0.75379,14.69194,0.00489,1.46161,11.88452,0.01537,0,0,1.17832,0.02607,0,0.02283,0.06004,0.01634,0,0.00414,0,0,0.1944,0.18971,0,0,0,0,0,0,0,0,0,0,0.1146,0,0.00052,0.05076,0.22436,0.68459,0,0.01915,0,0,0,0,0.0161,0,0,0,0,0,0,0,0,0,0,0,0.02778,0,0,0,0,0,0,0,0,0,0,0,0,0,0,0,0,0,0,0,0,0,0,0,0,0.03927,0,0,0,0
MH0066,0.16828,0,0,0,0,0,0,0,0,0,0,0,0,0,0,0,3.80314,0,0,0.08829,0,0.41879,0,0.00349,0.03494,0.00622,0,0,16.4884,3.83326,0,4.66068,0,0.03358,0,1.29891,0.89352,0,0,0,0,18.67467,0,0,0,0,0,0,0,0,0,0.04744,0,0,0,0,0,0,0,0,0,0,0,0,0.00571,0,0,0.00651,0,0,0,0,0,0,0.00082,0.00109,0.01399,12.80898,0,0.14736,1.01141,0.03525,0,2.25355,0.77993,0.27362,0,0,0.30693,0.7201,0.02087,0,0.40889,1.69851,0.0093,5.24419,20.02032,0,0,0,0.00104,0.03359,0,0,0,0,0,0,0,0,0.08528,0,0,0,0,0,0,0,0,0,0,0,0.42845,0,0,0,0.17227,0,0,0,0,0,0,0,0.58448,0.00806,0,0,0,0,0,0,0,0,0,0,0.02742,0,0,0,0,0,0,0,0,0,0,0,0,0.00939,0,0,0,0,0,0,0,0,0,0,0,2.42909,0,0,0,0
MH0067,0,0,0,0,0,0.00527,0,0,0,0,0,0,0,0,0,0,0.6883,0,0,0,0,0.31262,0,0,0,0.0036,0,0,33.57961,0.45181,0,9.33109,0,0.0779,0,1.47756,10.04609,0,0,0,0,5.55256,0,0.08651,0,0,0,0,0,0,0,0.00573,0,0,0,0,0,0,0,0,0,0,0,0,0.03353,0,0,0.01263,0,0,0,0,0,0,0,0.0141,0.02392,3.20982,0,0.00394,1.54901,0.08517,0,0.47007,0.26874,0.12832,0,0,9.95141,0.56026,0,0.00222,0.04115,9.24622,0.00514,0.64974,4.61526,0,0,0,0.00158,0.03302,0,0,0.00277,0,0,4.53982,0,0,0.02318,0.00517,0,0,0,0,0,0,0,0,0,0,0,0.00456,0,0,0,2.47452,0,0,0,0,0,0,0.3154,0,0,0,0,0,0,0,0,0,0,0,0,0,0,0,0,0,0,0,0,0,0,0,0,0,0,0,0,0,0,0,0,0,0,0,0,0.11026,0,0,0.00041,0
MH0068,0,0,0,0,0,0,0,0,0,0,0,0,0,0,0,0,0.67299,0,0,0.03427,0,0.40257,0,0.05919,0.00122,0,0,0,31.50207,0.3235,0,0,0,0,0,1.11922,10.28382,0,0.00233,0,0,5.69146,0,0,0,0,0,0,0,0,0,0.00973,0,0,0,0,0,0,0,0,0,0,0,0.00067,0.0468,0,0.02505,2.21721,0,0.00188,0,0,0,0,0.00277,0.0974,0.04585,7.39166,0,0.00097,1.64078,0.08676,0,0.60333,0.93744,0.27596,0,0,1.71039,0.81382,0.01284,0,0.28642,6.77393,0.01711,2.66239,12.04693,0,0,0,0.77978,0.08903,0,0,0.00469,0,0,9.16397,0,0,0.02624,0.08177,0,0,0,0,0,0,0,0,0,0,0,0,0,0,0,0,0.44048,0,0.02891,0,0,0,1.00246,0.03536,0,0,0,0,0,0,0,0,0,0,0.22716,0,0,0,0,0,0,0,0,0,0,0,0,0,0,0,0,0,0,0,0,0,0,0,0,0.31457,0.00487,0,0,0
MH0069,0,0,0,0,0,0.00315,0,0,0,0,0,0,0,0,0,0,3.44572,0,0,0.01043,0,0.29883,0,0,0.0036,0.00196,0,0.003,7.65242,0.19278,0.00051,2.51998,0.00325,0.00262,0,0.81307,2.17049,0,0,1.18972,0,8.44079,0,0.00517,0,0,0,0,0,0,0,0.00685,0,0,0,0,0,0,0,0,0,0,0,0.00115,0.04955,0,0,0.01512,0,0,0,0,0,0,0,0.0007,0.00642,18.28236,0,0.06783,1.78301,9.99739,0,2.25066,0.99127,0.70596,0,0,1.52887,0.20257,0.06328,0,0.20639,6.81464,0.01395,4.55065,24.6315,0,0,0,0.2681,0.01919,0,0,0.03256,0,0,0,0,0,0.05542,0,0,0,0,0,0,0,0,0,0,0,0.26515,0,0,0,0.05922,0,0,0,0,0,0,0,0.36211,0,0,0,0,0,0,0,0,0,0,0,0,0,0,0,0,0,0,0,0,0,0,0,0,0,0,0,0.01067,0,0,0,0,0,0,0,0,0,0,0,0,0
MH0070,0.1329,0,0.00389,0,0,0,0,0,0,0.01275,0,0,0.00024,0,0,0,0.52151,0,0,0.00088,0,0.1312,0,0,0,0.00366,0,0,20.1893,0.72204,0,1.26743,0.00123,0.05223,0,0.50701,2.1082,0,0,0.93997,0,7.72871,0,0.02447,0,0.02053,0,0,0,0,0,0.02162,0,0,0,0,0,0.0029,0,0.17523,0,0,0,0,0.23657,0,0,0.00248,0,0,0,0,0,0,0,0,0,6.89738,0,0.09726,1.35484,26.60567,0,3.88882,0.41357,0.44201,0,0,3.56193,0.14535,0.01426,0,0.37861,6.33039,0.00337,0.51414,10.8582,0,0,0,0.00397,0.02404,0,0,0.02947,0,0,1.46618,0,0,0.17487,0.1019,0,0,0,0,0,0,0,0.02971,0,0,0.01736,0.0043,0,0.04292,0.02358,0.82759,0.15259,0.01292,0,0,0,0,0.16681,0.33372,0,0,0,0,0,0,0,0,0,0,0.05125,0,0,0,0,0,0,0,0,0,0,0,0,0.08959,0,0,0,0,0,0,0,0,0,0,0,0.13446,0,0,0,0
MH0071,0.12277,0.00537,0,0,0,0,0,0,0,0,0,0,0,0,0,0,2.03276,0,0,0.16859,0,0.17496,0,0.01331,0.01363,0.00102,0,0,21.73189,0.78219,0,5.75776,0.00622,0.09347,0,0.25368,1.34177,0,0,0,0,11.04054,0,0,0,0.01368,0,0,0,0,0.00553,0.00724,0,0,0,0,0,0,0,0.01921,0,0,0,0.00895,0.16538,0,0.00227,2.19364,0,0,0,0,0,0,0,0.06591,0.07809,14.12401,0,0.03367,6.94964,0.07535,0,1.50266,0.82091,0.53587,0,0,0.45745,1.13724,0.05735,0,0.33898,6.79717,0.04252,0.16863,17.06757,0,0,0,0.06969,0.00343,0,0,0,0,0,0.00114,0,0,0.05859,0.03613,0,0,0,0,0,0,0,0,0,0,0.19954,0.00576,0,0.02653,0.12403,0,0,0,0,0,0,0,0.06275,0.30077,0,0,0,0,0,0,0,0,0,0,0.79112,0,0,0.01355,0,0,0,0,0,0,0,0,0,0,0,0,0.02255,0,0,0,0,0,0,0,0,2.07555,0,0,0,0
MH0072,0,0,0,0,0,0.01183,0,0,0,0,0,0,0,0,0,0,0.76493,0,0,0.01705,0,0.14553,0,0,0,0,0,0,24.54927,0,0,1.77009,0,0.07397,0.00278,0.85933,2.66091,0,0,0,0,1.22906,0,0.01942,0,0.08754,0,0,0,0,0,0.01286,0,0,0,0,0,0.0036,0,0,0,0,0,0,0.55099,0,0,0.02929,0,0,0,0,0,0,0,0,0,16.66893,0,0.01914,2.44832,0,0,0.70029,0.90647,0.30239,0,0,18.64647,0.1016,0.06791,0,0.24276,7.18908,0.01674,0.9921,5.20951,0,0,0,0,0.04046,0,0,0,0.45514,0,7.77311,0,0,0.01734,1.35536,0,0,0.00748,0,0,0,0,0,0,0,0.14168,0,0,0,0,0,0.0143,0,0,0,0,0,0,0,0,0,0,0,0,0,0,0,0,0.00163,0.06922,0,0,0,0,0,0,0,0,0,0,0.03157,0.04146,3.75108,0,0,0,0,0,0,0,0,0,0,0,0,0,0,0,0
MH0073,0,0,0,0,0,0,0,0,0,0,0,0,0.00161,0,0,0,0.63303,0,0,0,0.00287,0.48094,0,0,0,0.0026,0,0,32.74345,0.12746,0,0.13385,0,0.06387,0,0.22831,3.29616,0,0,1.34097,0,1.17846,0,0.09593,0,0.03828,0,0,0,0,0,0,0,0,0,0,0,0.00404,0,0.61016,0,0,0.02106,0,0.30185,0,0,0.07043,0,0,0,0,0,0,0,0,0,8.70962,0,0.16035,2.60274,0.07674,0,0.59305,0.58554,1.90186,0,0,12.75232,0.04282,0.2516,0.00098,0.14571,6.53125,0.00202,5.95217,2.03528,0,0,0,0.84504,0.0086,0.00331,0.0245,0,0,5.74875,0,0,0.03259,0.02142,3.34783,0.01504,0,0,0,0,0.01085,0,0,0,0,0.01013,0,0,0,0.00854,2.15861,0,0.08546,0,0,0,0,0.04992,0.00293,0.00298,0,0,0,0,0,0,0,0,0,0.08263,0,0,0,0,0,0,0,0,0,0,0.03249,0.0715,3.65615,0.01532,0,0.01237,0.00535,0,0,0,0,0,0,0,0.02307,0,0,0.00488,0.0004
MH0074,0,0,0,0,0,0.04592,0,0,0,0,0,0,0,0,0,0,0.58791,0,0,0.01839,0,0.67363,0,0.02443,0,0,0,0,12.64018,0,0,0,0,0,0,1.92634,18.8422,0,0.00271,0,0,31.66752,0,0,0,0,0.00231,0,0,0,0,0.0111,0,0,0,0,0,0,0,0,0,0,0,0,0.03033,0,0.01733,1.63152,0,0,0,0,0,0,0.47705,0.37785,0.05246,0.29136,0,0.0401,2.95915,0.05654,0,0.72157,0.24731,0.91812,0,0,2.98529,2.63848,0.01636,0,0.12205,2.77933,0.04187,0.06036,6.9454,0,0,0.07379,0.06389,0.14486,0,0,0,0,0,7.42923,0,0,0.02993,0.04119,0,0,0,0,0,0,0,0,0,0,0.19118,0,0,0,2.00574,0,0,0,0,0,0,0,0,0,0,0,0,0,0,0,0,0,0,0,0.12359,0,0,0,0,0,0,0,0,0,0,0,0,0,0,0,0,0,0,0,0,0,0,0,0,0.04413,0,0,0,0
MH0075,0.14824,0,0,0,0,0,0,0,0,0,0,0,0,0,0,0,0.88364,0,0,0.012,0,0.1397,0,0,0,0.00634,0,0,11.5509,0,0,2.39454,0,0.02585,0,0.76061,4.79103,0,0,0,0,6.49138,0,0.00764,0,0,0,0,0,0,0,0.02531,0,0,0,0,0,0,0,0,0,0,0,0,0.01658,0,0,0.08883,0,0,0,0,0,0,0.01681,0.01281,0.02276,3.31227,0,0.02071,1.71893,35.68407,0,4.00552,0.81349,0.38945,0,0,1.69999,0.66445,0.04008,0,0.73831,6.38642,0.01779,2.7186,10.83981,0,0,0,0.00298,0.03747,0,0,0.14898,0.45061,0,0.0076,0,0,0.15014,0.02058,0,0,0,0,0,0,0,0,0,0,0.1222,0,0,0.06216,0.03053,1.74437,0,0,0,0,0,0,0.0393,0.0254,0,0,0,0,0,0,0,0,0,0,0.19588,0,0,0,0,0,0,0,0,0,0,0,0,0.01472,0,0,0.00945,0.01365,0,0,0,0,0,0,0,0.47914,0,0,0,0
MH0076,0,0,0,0,0,0,0,0,0,0,0,0,0,0,0,0,0.45305,0,0,0.07292,0,0.39201,0,0,0,0,0,0,41.61237,0.164,0,1.08586,0,0.00101,0,0.77054,3.85864,0.09242,0,0,0.09651,2.5169,0,0.0187,0,0,0,0,0,0,0,0,0,0,0,0,0,0.01007,0,0,0,0,0,0,1.09952,0,0,0.59796,0,0,0,0,0,0,0,0,0.00282,9.78471,0,0.08073,3.34888,0.01803,0,1.8661,0.97419,0.58026,0,0,7.26036,0.4577,0.06539,0,0.25374,8.08476,0.01591,2.41963,11.21734,0,0,0,0,0.05327,0,0,0.01084,0,0,0,0,0,0.0167,0.11349,0,0,0,0,0,0,0,0,0,0,0.07042,0.00985,0,0.06181,0.07997,0,0.01051,0,0,0,0,0,0.03078,0,0.0366,0,0,0,0,0,0,0,0.10267,0,0.02147,0,0,0,0,0,0,0,0,0,0,0,0,0.07707,0,0,0,0,0,0,0,0,0,0,0,0.03155,0,0,0,0
MH0077,0.05166,0,0,0,0.0021,0.00446,0,0,0,0,0,0,0,0,0,0,0.85671,0,0,0.00312,0,0.03514,0,0,0,0.00109,0,0,13.02033,0.61563,0,0.56123,0.00197,0.00209,0,0.93874,1.96474,0,0,1.14191,12.8056,6.22021,0,0,0,0.01097,0,0,0,0,0.00741,0.01941,0,0,0,0,0,0.00467,0,0,0,0,0,0,0.12464,0,0,1.78361,0,0,0,0,0,0,2.15521,0,0.00382,6.39483,0,0.01804,1.77556,9.85228,0,0.51691,0.2189,1.29741,0,0,2.01814,0.19436,0.01281,0,0.13715,10.94732,0.0035,1.63342,12.28982,0,0,0.00124,0.38056,0.01287,0,0,0.00439,0,0,8.02097,0,0,0.07198,0.25015,0,0,0,0,0,0,0,0,0,0,0.00631,0,0,0.01124,0.03881,1.4051,0,0,0,0,0,0,0.1266,0.00171,0,0,0,0,0,0,0,0,0,0,0,0,0,0,0,0,0,0,0,0,0,0,0,0.01463,0,0,0,0.00654,0,0,0,0,0,0,0,0,0,0,0,0
MH0078,0.0219,0,0,0,0,0,0,0,0,0,0,0,0,0,0,0,0.25472,0,0,0,0,0.07925,0,0,0,0,0,0,1.89314,0.08993,0,0.48392,0,0.0051,0,0.52113,0.52247,0,0,0.52916,56.06012,0.51859,0,0,0,0,0,0,0,0,0,0,0,0,0,0,0,0,0,0.17641,0,0,0,0.00568,0.76469,0,0,0,0,0,0,0,0,0,0,0,0,4.51489,0,0,1.11769,6.51025,0,3.99227,0.42558,0.0712,0,0,1.87288,0.07463,0.14561,0,0.02722,3.7185,0,4.87498,2.06973,0,0.35521,0,0.74563,0,0,0,0,0,5.62883,0,0,0,0,0.321,0,0,0,0,0,0,0,0,0,0,0,0,0,0,0,0.07111,0.60559,0,0,0,0,0,0,0,0,0,0,0,0,0,0,0,0,0,0.0413,0.02181,0,0,0,0,0,0,0,0,0,0,0,0.8651,0,0,0,0,0,0,0,0,0,0,0,0,0,0,0.0028,0
MH0079,1.93665,0,0,0,0,0,0,0,0,0,0,0,0.00582,0,0,0,0.00299,0,0,0,0,0.19466,0,0,0,0,0,0,25.86395,0.0749,0,7.49614,0,0,0,1.66452,3.75224,0,0,0,0.23488,4.71134,0,0,0,0,0,0,0,0,0,0,0,0,0,0,0,0,0,0,0,0,0,0,0,0,0.01822,0.11567,0,0,0,0,0,0,0.50539,0,0.00237,6.45929,0,0.00103,0.34352,0.39689,0,0.15137,0.77172,0.28264,0,0,0.63328,0.03491,0,0,0.35052,1.50317,0.03651,7.93476,28.31587,0,0,0,0.40306,0.00905,0,0,0,0,0.00284,0,0,0,0.04157,0.02419,0,0,0,0,0,0,0,0,0,0,0,0,0,0.02527,0.02898,0,0.262,0,0,0,0,0,0.43799,0.11121,0,0,0,0,0,0,0,0,0,0,4.82864,0,0,0.02883,0,0,0,0,0,0,0,0,0,0.00115,0,0,0,0,0,0,0,0,0,0,0,0,0,0,0,0
MH0080,0,0,0,0,0,0.00838,0,0,0.00489,0,0,0,0,0,0,0,0,0,0,0.04835,0,0.11409,0,0.00607,0.01403,0,0,0,23.09275,0.21802,0,3.53922,0.00144,0.02171,0,1.76553,7.25806,0,0,0,0,3.77463,0,0,0,0,0,0,0,0,0,0.00911,0,0,0,0,0,0.00342,0,0,0,0,0,0,0.05307,0,0.01669,1.3935,0,0,0,0,0,0,0,0.0104,0.01714,15.02085,0,0.08784,2.69132,20.36904,0,3.14438,0.2797,1.1344,0,0.00112,5.39237,0.15903,0.01202,0.00101,0.06678,2.6806,0.03058,1.18261,2.68907,0,0,0.03502,0.13954,0.05978,0.00278,0,0.02887,0,0,0,2.75299,0.01614,0.0307,0.0104,0,0,0,0,0,0,0,0,0,0,0.0855,0,0,0,0.22449,0,0,0,0.01353,0,0,0,0.17385,0.01058,0,0,0,0,0,0,0,0,0,0,0,0,0,0,0,0,0,0,0,0,0,0,0,0.00397,0,0,0.01418,0,0,0,0,0,0,0,0,0.08442,0,0,0,0
MH0081,0.32972,0,0.00511,0,0,0.01306,0,0,0,0,0,0,0,0,0,0,0.47425,0,0,0.00077,0,0.15986,0,0,0.00874,0,0,0,25.70392,2.65174,0,0.72921,0.00161,0.18596,0,2.05175,1.57231,0,0,0,0,16.64619,0,0.01072,0,0,0,0,0,0,0,0.0213,0,0,0,0,0,0,0,0,0,0,0,0,0.00479,0,0,2.48171,0,0,0,0,0,0,0,0,0.00578,6.394,0,0.01564,1.60551,0.21733,0,1.51049,0.65863,0.79687,0,0,3.80442,0.24876,0,0,0.4102,3.81259,0.00371,2.29594,14.07756,0,0,0,1.82142,0.00456,0,0,0.0658,0,0,6.90846,0,0.05521,0.22015,0.0048,0,0,0.00372,0,0,0,0,0.03903,0,0,0.00173,0.00565,0,0.03122,0,1.12968,0.24193,0,0,0,0,0,0.44448,0.00774,0,0,0,0,0.01466,0,0,0,0,0,0.0202,0,0,0,0,0,0,0,0,0,0,0,0,0.01289,0,0,0,0,0,0,0,0,0,0,0,0.05629,0,0,0.00025,0
MH0082,0.1696,0.01233,0,0,0,0,0,0,0,0.01122,0,0,0,0,0,0,0.50428,0,0,0.01131,0,0.18053,0,0,0,0.00106,0,0,9.17843,0.40478,0,0.15741,0.00424,0.00793,0,0.38087,2.28165,0,0,2.34011,0.00289,5.53432,0,0,0,0.01074,0,0,0,0,0,0.01427,0,0,0,0,0,0,0,0.17024,0,0,0,0,0.02397,0,0,0.2332,0,0,0,0,0,0,1.56448,0.00425,0.02754,20.85705,0,0.0134,1.71331,35.84933,0,0.57799,0.46391,1.41262,0,0,1.27028,0.44006,0.01255,0.00098,0.22988,3.58521,0.02831,2.20509,4.06704,0.00912,1.19654,0,0.12138,0.03879,0,0,0,0,1.47657,0,0,0.01727,0.00641,0.021,0,0,0,0,0,0,0,0.03922,0,0,0.00264,0.00756,0,0.0228,0.01577,0.57687,0,0.01137,0,0,0,0,0.16717,0.07725,0,0,0,0,0,0,0,0,0,0,0.12813,0,0,0,0,0,0,0,0,0,0,0,0,0.00849,0,0,0.01481,0,0,0,0,0,0,0,0,0.08214,0,0,0,0
MH0083,0,0,0,0,0,0.0404,0,0,0,0,0,0,0,0,0,0,1.52329,0,0,0.00974,0,0.40307,0,0,0.00322,0.03269,0,0,9.89396,1.34015,0,4.63347,0.00918,0,0,0.57413,5.54294,0,0,0,0,18.17585,0,0.00948,0,0,0,0,0,0,0,0.01883,0,0,0,0,0,0.00598,0,0,0,0,0,0,0.23109,0,0,0.13562,0,0.00239,0,0,0,0,0,0.0173,0.01179,1.86983,0,0.0324,1.14972,0.16595,0,0.94231,1.50941,0.1085,0,0,1.53732,0.54825,0,0,0.28578,16.0348,0.00738,5.14194,7.66718,0,1.2124,0,0,0.0375,0,0,0,7.00212,3.12978,0,0,6.40493,0.10155,0.05334,0,0,0,0,0,0.01715,0,0,0,0,0.04372,0,0,0.02254,0.06871,0.03316,1.15751,0,0,0,0,0,0.72286,0.04046,0.00083,0,0,0,0,0,0,0,0,0,0.02176,0,0,0,0,0,0,0,0,0,0,0,0,0,0,0,0.01955,0,0,0,0,0,0,0,0,0.29481,0,0,0,0
MH0084,0,0,0,0,0,0,0,0,0,0,0,0,0,0,0,0,0.0732,0,0,0.00394,0,0.05177,0,0,0,0.00631,0,0,10.1036,0.0189,0,0.29744,0,0.01526,0,0.23593,1.76807,0,0,0.41336,67.52007,0.91795,0.00545,0.02382,0,0.01677,0,0,0,0,0.01506,0,0,0,0,0,0,0,0,0,0,0,0,0,0.01257,0.00352,0,0.05065,0,0,0,0,0,0,0,0.00443,0,1.74165,0,0.01369,1.13135,0.22624,0,0.34573,0.09922,0.2119,0,0,3.32693,0.17586,0.01041,0,0.03859,1.64952,0.00223,0.54218,1.87702,0,0,0,0.27654,0.01761,0,0,0,0,4.45547,0,0.02724,0.77909,0,0,0,0,0,0,0,0,0.00796,0.02169,0,0,0.01947,0,0,0,0.01646,1.25254,0,0,0,0,0,0,0.01348,0,0,0,0.13818,0,0,0,0,0,0,0,0,0,0,0,0,0,0,0,0,0.00321,0,0,0,0,0,0,0,0,0,0,0,0,0,0,0,0.02045,0,0,0,0
MH0085,0,0,0,0,0,0,0,0,0,0,0,0,0,0,0,0,0.2669,0,0,0,0,0.51539,0,0,0,0.00299,0.04,0,18.09372,0.31912,0,2.06195,0,0.14976,0,0.6721,4.62022,0,0,0,30.34795,5.94645,0,0.02052,0,0.028,0,0,0,0,0.00346,0.00453,0,0,0,0,0,0.00127,0,0.00243,0,0,0,0,0.01975,0,0,0.03705,0,0,0,0,0,0,0,0.03368,0.01238,18.36651,0,0.01341,1.11613,0.06937,0,1.11511,0.34793,0.17757,0,0,1.53928,0.83065,0.01196,0,0.07954,7.22289,0.03328,0.93475,2.47983,0,0,0,0,0.01776,0,0,0.03043,0,0,0,0,0,0.02444,0.00437,0,0,0,0,0,0,0,0,0,0,0.00652,0,0,0,0.24803,1.64379,0,0,0,0,0,0,0.4192,0.01837,0,0,0,0,0,0,0,0,0,0,0.02357,0,0,0,0,0,0,0,0,0,0,0,0,0.0195,0,0,0,0,0,0,0,0,0,0,0,0,0,0,0,0.00621
MH0086,0,0,0,0,0,0,0,0.01019,0,0,0,0,0.01405,0,0,0,6.32801,0,0,0.51176,0.00292,1.62895,0,0.20623,0.42222,0.01015,0,0,5.11585,1.07548,0,3.37162,0,0,0,0.78135,0.02332,0,0,0,0.10981,4.84292,0,0.00606,0,0.00786,0,0,0,0,0,0.03615,0,0,0,0,0,0.00959,0,0,0,0,0,0,2.59023,0,0,4.98556,0,0.0033,0,0,0,0,0,0.00826,0.02197,5.60456,0,0.06962,2.79441,0.07266,0,3.7347,1.82796,1.09522,0.00131,0,11.59588,1.0423,0.0318,0,0.29779,16.27426,0.01424,8.80853,11.58875,0,0,0.0051,0.36045,0.02768,0.00531,0.00208,0.01401,0,0,0,0,0,0.06498,0.10488,0,0,0,0,0,0,0,0,0,0,0.05537,0,0.00026,0.01827,0.22312,0.00389,0,0,0,0,0,0,0.62099,0.02335,0,0,0,0,0,0,0,0,0,0,0.73635,0,0,0,0,0,0,0,0,0,0,0.01314,0.00265,0.57976,0,0,0,0,0,0,0,0,0,0,0,0.16058,0,0,0,0
O2_UC_11,0.00608,0,0,0,0,0.00697,0,0,0,0,0,0,0.00944,0,0,0,10.63413,0,0,0.12677,0,0.91672,0,0.02843,0,0.00312,0,0,12.78468,0,0,0.09826,0,0.00362,0,0,0.10597,0,0,0,0.02916,0.18113,0,0.02288,0,0,0,0,0.00176,0,0,0.00758,0,0,0,0,0,0.0155,0,0.17464,0,0,0,0,1.10337,0,0.0043,0.00428,0,0,0,0,0,0,0.0129,0.00101,0.00339,12.26933,0,0,4.27268,0.08824,0,1.292,2.16631,2.30288,0,0,3.20833,0.90802,0.48004,0,0.09722,38.3915,0.72996,1.85446,3.12351,0,0,0,0.51565,0.10758,0.00196,0.01351,0,0.65857,0,0.02723,0,0,0.35759,0.09826,0,0,0,0,0,0,0,0,0,0,0.08001,0,0,0,0.06723,0,0,0,0,0,0,0,0,0,0,0,0,0,0,0,0,0,0,0,0.00657,0,0,0,0,0,0,0,0,0,0,0.0062,0.00125,0.56408,0,0,0,0,0,0,0,0,0,0,0,0,0,0.01161,0.01219,0
O2_UC_12,4.28487,0,0.03914,0,0,0.02999,0,0,0,0,0,0,0,0,0,0,2.04512,0.0024,0,0,0,1.9469,0,0.00319,0,0.06626,0,0,11.83633,0,0,0.05599,0,0,0,1.02725,2.49921,0,0.00611,4.21422,4.11683,0.53194,0,0.03282,0,0.02472,0,0,0.00244,0,0,0.06523,0,0,0,0,0,0,0,0.26075,0,0,0.01801,0,0.55531,0,0.48762,0.64115,0,0,0,0,0,0,0,0.07756,0.02269,14.52585,0,0.02159,5.32491,0.03391,0,3.28324,3.66061,1.09189,0,0,1.50127,0.73292,0.08383,0.00553,0.41405,4.99778,0.02374,0.79313,9.96018,0,2.41451,0,5.44657,0.0254,0.00217,0,0,1.42605,7.278,0.00789,0,0,0.85019,0.00111,0,0,0,0,0,0,0,0,0,0,0.12575,0,0,0,0.30571,0,0,0,0,0,0,0,0.111,0,0,0,0,0,0,0,0,0,0,0,0.65632,0,0,0,0,0,0,0,0,0,0,0,0,0.00081,0,0,0,0,0,0,0,0,0,0,0,0,0,0,0,0
O2_UC_13,0.28484,0,0,0,0,0.00597,0,0,0,0,0,0,0.00467,0,0,0,0.68176,0,0,0,0,0.31078,0,0,0,0.00948,0,0,14.8948,0.66645,0,1.26145,0.00808,0.02361,0,0.74883,2.52504,0,0,0.99846,0,3.3892,0,0.0392,0,0,0,0,0,0,0,0.01948,0,0.01433,0,0,0,0.00484,0,0,0,0,0,0.01219,0.14511,0,0,10.95065,0,0,0,0,0,0,0,0,0.0029,21.92489,0,0.01175,1.65344,0.28349,0,0.89633,0.97468,0.18112,0,0,3.60446,0.28882,0.17136,0,0.45229,7.79401,0.00183,4.64198,11.51256,0,0.18823,0,1.38347,0.02554,0,0.01953,0.02703,0,0,4.55648,0,0,1.28673,0.1081,0,0,0,0,0,0,0,0.01785,0,0,0.00297,0,0,0.02465,0.06214,0.18405,0.20087,0.20179,0,0,0,0,0.24376,0,0,0,0,0,0,0,0,0,0,0,0,0,0,0,0,0,0,0,0,0,0,0,0,0.07029,0,0,0,0,0,0,0,0,0,0,0,0,0,0,0.00136,0
O2_UC_14,1.8239,0.00965,0,0,0,0,0,0,0,0,0,0,0,0,0,0,1.35206,0,0,0.01157,0,0.25231,0,0,0,0,0,0,12.85971,0.21791,0,0.26837,0,0.00841,0,0.72954,4.27424,0,0,0.13514,27.79878,2.83405,0,0.04067,0,0,0,0,0,0,0,0,0,0,0,0,0,0,0,0,0,0,0,0,0.39318,0,0,0.45989,0,0,0,0,0,0,0,0.00064,0.00068,16.08472,0,0.01934,2.01277,0.09343,0,1.71796,1.22819,0.40266,0,0,1.60389,0.54426,0,0,0.21463,2.02415,0,1.21814,4.03127,0,0,0,0.15375,0.01042,0,0,0.04317,0,0,6.30614,7.86655,0,0.10897,0.01001,0,0,0,0,0,0,0,0,0,0,0.01649,0,0,0.02597,0,0.42642,0,0,0,0,0,0,0.19289,0.1399,0,0,0,0,0,0,0,0.01323,0,0,0.01557,0.00436,0,0,0,0,0,0,0,0,0,0,0,0,0,0,0,0,0,0,0,0,0,0,0,0,0,0,0,0
O2_UC_16,0.03931,0,0,0,0,0,0,0,0,0,0,0,0,0,0,0,2.08998,0,0,0,0,0.3919,0,0,0,0.0116,0,0,1.4766,0.26018,0,0.15587,0,0.00225,0,0.21561,0.77845,0,0.10218,1.50513,31.58279,0.46474,0,0,0,0,0,0,0,0,0,0.01195,0,0,0,0,0,0,0,0,0,0,0,0,0.04737,0.00138,0,4.29153,0,0.00489,0,0,0,0,0,0,0.00352,23.24906,0,0.01434,1.08943,0.13918,0,0.50275,0.78051,0.22273,0,0,2.78799,0.72942,0.04447,0,0.12191,15.27368,0.0402,0.00206,1.84061,0,0.42414,0,0.6369,0.01142,0,0.0283,0,0.44868,6.47754,0,0,0,1.06356,0.00237,0,0,0,0,0,0,0,0,0,0,0,0,0,0,0,0,0.33004,0,0,0,0,0,0.01687,0.18577,0,0,0,0,0,0,0,0,0,0,0.01036,0.00635,0,0,0,0,0,0,0,0,0,0.00914,0,0.07297,0,0,0,0,0,0,0,0,0,0,0,0,0,0,0,0
O2_UC_17,0,0,0,0,0,0,0,0,0,0,0,0,0.00399,0,0,0,0.43055,0,0,0,0,0.17225,0,0,0,0,0.00065,0,12.51549,0.05308,0,1.20357,0,0.00702,0,0.19546,2.29866,0,0.00406,1.35393,50.77971,4.03042,0,0.03598,0,0,0,0,0,0,0,0,0,0,0.00191,0,0,0.00603,0,0.07239,0,0,0,0,0.06022,0,0,0.0107,0,0,0,0,0,0,0,0.01075,0,0.70323,0,0,0.52385,0.01672,0,0.12272,0.27008,0.16334,0,0.00039,1.14355,0.32688,0.04718,0,0.02184,6.847,0.00136,0.01142,0.38655,0,0.52664,0,0,0.02976,0,0,0,6.86919,7.16967,0,0,0.00037,0.00803,0.1442,0,0,0,0,0,0,0,0,0,0,0,0,0,0,0,1.16293,0,0.12821,0,0,0,0,0.00789,0,0,0,0,0,0,0,0,0,0,0,0.03099,0.01729,0,0,0,0.01086,0,0,0,0,0,0,0,0.03659,0,0,0,0.01607,0,0,0,0,0,0,0,0.00837,0,0,0,0
O2_UC_18,0,0,0,0,0,0,0,0,0,0,0,0,0,0,0,0,0.0037,0,0,0,0,0,0.02446,0.27257,0.00126,0,0,0,59.63206,0,0,0,0,0,0,0,1.37217,0,0,0,0,3.37643,0,0.02222,0,0.02669,0,0,0,0,0,0.00981,0,0,0,0,0,0,0.02968,0,0,0,0,0,0.01645,0,0,6.89396,0,0.00187,0,0,0,0,0,0.07328,0.00218,0.00317,0,0.03095,3.47644,0.01377,0,0,0,0.95933,0,0,0.21777,6.60696,0.0259,0,0.07482,0.00884,0.14717,1.10141,8.44761,0,0,0.79645,0.68521,0.43765,0,0,0.0037,0,0,0,0,0,0.06615,0.04413,0,0,0,0,0,0.0134,0,0,0,0,0,0,0,0,0,0.00065,0.00246,0,0,0,0,0,0.21577,0.00194,0,0,0,0.01316,0,0,0,0,0,0,4.76379,0,0,0.0826,0,0,0,0,0,0,0,0,0,0,0,0,0,0,0,0,0,0,0,0,0,0,0,0,0,0
O2_UC_19,0,0,0,0,0,0,0,0,0,0,0,0,0.01119,0,0,0,1.55699,0,0,0.03927,0,0.29829,0,0,0,0.00342,0.04391,0,23.18244,3.99539,0,0.16046,0.02381,0.00618,0,0.23441,4.33425,0.05557,0.00588,0,4.98772,6.28354,0,0.09208,0,0.01969,0,0,0,0,0,0.061,0,0,0,0,0,0,0,0.00769,0,0,0,0,0.01643,0,0.01768,0.04641,0,0,0,0,0,0,0,0.04512,0,6.1892,0,0.25062,2.11911,0.16977,0,1.04546,1.52488,0.86488,0,0,2.53791,1.0477,0.04948,0,0.42377,10.61325,0.01822,2.92329,11.61905,0,0,0,0.99628,0.04346,0,0,0,0,9.31987,0,0,0,0.13707,0.00404,0.03451,0,0,0,0,0,0,0,0,0,0.02145,0,0,0,0.06547,1.02162,0,0.02431,0,0,0,0,1.17069,0.01114,0,0,0,0,0,0,0,0,0,0,0.22471,0,0,0,0,0,0,0,0,0,0,0,0,0,0,0,0,0,0,0,0,0,0,0,0,0,0,0,0,0
O2_UC_1,1.78057,0,0.00486,0,0,0,0,0,0,0,0,0,0.00304,0,0,0,0.72419,0,0,0.03681,0,0.44651,0,0,0,0.00617,0,0,3.61208,0.27101,0,0.93012,0.0043,0.01208,0,0.90399,1.60354,0.39252,0,0.07012,25.58825,5.34701,0,0.01018,0,0,0,0,0,0,0,0.03373,0,0,0,0,0,0,0,0.04694,0,0,0,0,0.00354,0.00038,0.00854,0.00793,0,0.00274,0,0,0,0,0,0,0.00584,6.49238,0,0.01001,1.27998,0.1473,0,6.34367,0.89183,0.99305,0,0,1.86874,0.23174,0.08904,0,0.54545,11.09263,0.03845,1.09188,10.08929,0,0,0,0.34335,0.08228,0,0,0.00763,0,0,14.07723,0,0.04942,0.09096,0.15303,0,0,0,0,0,0,0,0,0,0,0.02751,0,0,0.01516,0.08058,0.55976,0,0.01613,0,0,0,0,1.00186,0.23691,0,0,0,0,0,0,0,0,0,0,0.0117,0,0,0,0,0,0,0,0,0,0,0,0,0.07215,0,0,0,0,0,0,0,0.01233,0,0,0,0.09953,0,0,0,0
O2_UC_20,0,0,0,0,0,0,0,0,0,0,0,0,0,0,0,0,5.0912,0,0,0.1255,0,1.26481,0,0.00216,0.03931,0.00388,0,0,12.64297,0.48829,0,1.4828,0,0.00911,0,0.45875,1.32198,0,0,0,0.15815,1.20508,0,0,0,0.01277,0,0,0,0,0,0.0372,0,0,0,0,0,0,0,0,0,0,0,0,0.05924,0,0,0.03634,0,0,0,0,0,0,0,0.00292,0.01366,11.82333,0,0.04346,1.41426,0.03868,0,2.80158,1.1583,0.58649,0,0,2.41952,0.94352,0.03273,0,0.21631,16.43377,0.01049,0.51443,23.95784,0,0,0,0.006,0.05513,0,0,0.2039,1.33176,0,9.86383,0,0,0.07524,0.03144,0,0,0,0,0,0,0,0.01705,0,0,0.09783,0,0,0,0.12282,0.00372,0.9367,0,0,0,0,0,0.3568,0,0,0,0,0,0,0,0,0,0.00529,0,0.00277,0,0,0,0,0,0,0,0,0,0,0,0,0.03888,0,0,0,0,0,0,0,0,0,0,0,0,0,0,0,0
O2_UC_21,0,0,0,0,0,0,0,0,0,0,0,0,0,0,0,0,2.55745,0,0,0.01308,0,1.27973,0,0.00385,0,0.01413,0,0,7.13907,0.28052,0,0.26933,0,0,0,0.21098,0.98989,0,0,0,0,9.51541,0,0,0,0.01361,0,0,0,0,0,0,0,0,0,0,0,0,0,2.09283,0,0,0,0,0.07308,0,0,0.03611,0,0,0,0,0,0,0,0.00391,0.03649,9.61965,0,0.02668,1.65328,0.05713,0,13.18668,0.7781,0.07565,0,0,3.80861,0.79334,0.03867,0,0.34494,11.97422,0.01824,3.03217,11.06644,0,0,0,0.00961,0.00515,0,0,0.42238,12.64754,0,4.96304,0,0,0.04939,0.07086,0,0,0,0,0,0,0,0,0,0,0.00409,0,0.02958,0.17301,0.00156,0.22973,0,0,0,0,0,0,0.19211,0.00965,0,0,0,0,0,0,0,0,0,0,0.15243,0,0,0,0,0,0,0,0,0,0,0,0,0.01227,0,0,0,0,0,0,0,0,0,0,0,0.02431,0,0,0,0
O2_UC_22,0,0,0,0,0,0.02888,0,0,0,0,0,0,0,0,0,0,5.46425,0,0.00788,0.14319,0,1.08999,0,0.07385,0.02607,0.01046,0,0,17.67417,2.24761,0,5.62062,0.00029,0,0,0.64022,4.73867,0,0,0,0,12.36967,0,0.02845,0,0,0,0,0,0,0,0.02512,0,0,0,0,0,0,0,0.41901,0,0,0,0,0.02963,0,0.01483,0.19825,0,0,0,0,0,0,0.0219,0.29106,0,9.5088,0,0.09579,1.72851,0.05601,0,1.48257,0.41659,1.04673,0,0,2.77089,1.64125,0.09947,0,0.44096,18.86016,0.03268,2.74514,3.4494,0,0,0,0.00352,0.12165,0,0,0.01959,0,0,2.8781,0,0,0.1355,0.04381,0,0,0,0,0,0,0,0,0.0068,0,0.01187,0.00499,0,0,0.03139,0,0.1287,0,0,0,0,0,0.70781,0.35632,0,0,0,0,0,0,0,0,0,0,0.00545,0,0,0,0,0,0,0,0,0,0,0.00457,0,0.00091,0,0,0,0,0,0,0,0,0,0,0,0,0,0,0,0
O2_UC_23,0,0,0,0,0,0.03697,0,0.05166,0,0,0,0.02175,0.00402,0,0.02804,0,6.66052,0,0,0,0,2.52253,0,0.85646,0.10864,0.01272,0.0034,0,15.34385,2.4251,0,7.17358,0.0037,0.00919,0,0.83286,0.89394,0.00785,0,1.00086,0.09746,5.92868,0,0,0,0.02054,0,0,0.00227,0,0,0.09046,0,0,0.11826,0,0,0,0,0.17091,0,0.01518,0,0,0.43525,0,0,0.58304,0,0.00425,0,0,1.29372,0,0.00108,0.10786,0.01888,6.95777,0,0.16628,2.76137,0.11951,0,1.30136,1.90093,0.48407,0,0,0.26046,0.74886,0.23877,0.72518,0.34514,4.01204,0.09417,2.55126,13.25274,0,0,0.00714,0.01582,0.09962,0.03177,0.02263,0.3546,0.40505,0.0061,0.00419,0,0.0377,0.32525,0,0.79537,0,0,0,0,0,0,0,0,0,0.33413,0.00799,0,0,0.02316,0,0.08646,0,0,0,0,0,1.97685,0.5735,0,0,0,0,0,0,0,0,0,0,4.32908,0,0,0.04432,0,0,0,0,0,0,0,0,0,0,0,0,0,0,0,0,0,0,0,0,0,7.71381,0,0,0,0
O2_UC_24,0.25242,0.00442,0,0,0,0.01099,0,0,0,0,0,0,0.00834,0,0,0,1.47304,0,0,0,0,0.44759,0.02497,0,0,0.09103,0,0,6.6076,0.0775,0,0.07324,0,0,0,0.12642,0.25266,0,0.01686,0.62329,42.26107,0.84947,0.00664,0,0,0,0,0,0,0,0.00912,0,0,0,0,0,0,0,0,0.07411,0,0,0,0,0.03861,0,0,0.0036,0,0,0,0,0,0,0,0.00933,0.02343,3.78269,0,0,0.53264,0.11738,0,0.65587,0.75712,0.11426,0,0,0.56624,0.43331,0.04732,0,0.20974,7.08467,0.05989,1.48436,17.69469,0,0.81644,0.14822,0.03735,0.00144,0,0,0.08232,3.87967,0.20371,7.01258,0,0.0217,0.02417,0.06606,0,0,0,0,0,0.01632,0,0.03285,0,0,0,0,0,0,0,0.0456,0.24264,0,0,0,0,0,0,0,0,0.30235,0,0,0,0,0,0,0,0,0.1554,0,0,0,0,0,0,0,0,0,0,0,0,0.00522,0,0,0,0,0,0,0,0,0,0,0,0,0,0,0,0
O2_UC_4,0,0,0,0,0,0.02161,0,0,0,0,0,0,0.01816,0,0,0,0.32205,0,0,0.11147,0,0.12878,0,0,0.01767,0.00604,0,0,3.472,0.91363,0,0.02207,0.00305,0.03402,0,0.09368,1.57247,0,0,0,0,5.56853,0,0,0,0,0,0,0,0,0.00359,0.0141,0,0,0.06907,0,0,0.0401,0,0.20582,0,0,0,0,0.85591,0,0,0.04212,0,0,0,0,0,0,4.06583,0.00658,0.00315,2.94086,0,0.04412,1.18629,0.19159,0,5.40565,0.92232,30.96213,0,0,5.02158,0.16242,0,0,0.59356,8.35062,0.24657,2.70048,17.17742,0,0,0,0.23834,0.02646,0,0,0.0049,0,0,4.74588,0,0.01722,0.25986,0.32279,0,0,0.00283,0,0,0.01284,0,0.01292,0,0,0.00658,0,0,0.06603,0.05891,0,0.01415,0,0,0,0,0,0.40463,0.12536,0,0,0,0,0,0,0,0,0,0,0,0,0,0,0,0,0,0,0,0,0,0.01026,0,0.12574,0,0,0,0,0,0,0,0,0,0,0,0.0272,0,0,0,0
V1_CD_11,0,0,0,0,0,0,0,0.00131,0,0,0,0,0.04147,0,0,0,0.37156,0,0,0,0,0.00434,0.00018,0.19213,0.001,0.00103,0,0,9.33025,0.00978,0,0.47086,0,0.0144,0,0.18702,1.08344,0,0,0,0,0.53305,0,0.08285,0,0.01556,0,0,0,0.00198,0,0.00646,0,0,0.01208,0,0.00016,0.02315,0,14.89562,0.06149,0.01464,0.14938,0.00046,2.3975,0,0,0.77998,0,0.00144,0,0,0,0,0.0721,0.079,0,12.28294,0,0.19478,6.12857,0.08559,0,0.55526,1.03543,0.50661,0,0.00839,0.83757,0.15691,0.03409,0.00467,0.10954,0.71929,0,8.18726,7.11073,0,0.14267,0.00684,0.01662,0.10658,0.00241,0,0.00764,0.02536,0,0,0,0.02288,0.00435,6.06305,3.51246,0.00125,0.02838,0,0,0.02646,0,0,0,0.00289,0.31801,0,0,0,1.22369,0,0,0.01544,0,0,0.00155,0.00696,0.89018,0.02822,0,0,0,0,0,0.00512,0.00017,0,0.01821,0,17.48828,0.0027,0,0.31263,0,0,0,0,0.00329,0,0.00984,0.01585,0.01058,0.88614,0,0,0,0,0,0,0,0,0,0,0,0,0,0,0,0
V1_CD_12,0,0,0,0,0,0.01132,0,0,0,0,0,0,0.00029,0,0,0,0,0,0,0,0,0,0,0.05057,0,0,0,0,35.09964,0,0,0,0,0,0,0.00594,10.12107,0,0,0,0,13.51501,0,0.02788,0,0,0,0,0,0,0,0,0,0,0.00558,0,0,0.01092,0,0,0,0.00191,0,0.14814,3.50409,0.08068,0,4.85276,0,0.00519,0,0,0,0,0.11834,0.26563,0,3.99272,0,0.07459,20.68536,0,0,0.05916,1.32596,1.3106,0,0,0.02144,0,0,0,0.0131,0,0,0,0.04841,0,0,0.11369,0.09548,0,0.00317,0,0,0,0,0,0,0.02255,0,0.32445,0,0,0,0,0,0,0,0,0,0,0,0,0,0,0,0,0.00813,0,0,0,0,0,0.88962,0.03972,0,0,0,0,0,0,0,0.01294,0,0,2.40128,0.01661,0.41826,0.06021,0.00179,0,0,0,0,0,0,0,0.00189,0.23321,0,0,0,0,0,0,0,0,0,0,0,0,0,0,0.00067,0
V1_CD_13,0.27176,0.02162,0,0,0,0,0,0,0,0,0,0.01857,0.00344,0,0.05369,0,1.98567,0,0,0.49933,0,0.76401,0,0,0.00627,0.00287,0,0,13.48934,0.06348,0,0.77029,0,0,0,0.19665,0.43919,0,0,0,0,4.63727,0,0,0,0,0,0,0,0,0,0.02574,0,0,0,0,0,0.00435,0,0,0,0,0,0,0.40317,0,0,5.06756,0,0,0,0,0,0,0.01192,0.02194,0.03051,11.42896,0,0.01748,3.49528,0.17913,0,2.96788,3.35085,3.20194,0,0,12.5078,0.29407,0.65691,0.00228,0.27117,17.53706,0.01461,2.35095,11.50083,0,0,0,0.00056,0.03221,0,0.04702,0.02166,0,0,0,0,0,0.09257,0.01944,0,0,0,0,0,0,0,0,0,0,0.66818,0,0,0,0.11171,0,0,0,0,0,0,0,0.35581,0.00585,0,0,0,0,0,0,0,0.01358,0.00862,0,0.02232,0.00154,0,0,0,0,0,0,0,0,0,0,0,0.01155,0,0,0,0,0,0,0,0,0,0,0,0.02153,0,0,0,0
V1_CD_14,1.9561,0,0,0,0,0,0,0,0,0,0,0,0.02891,0,0,0,0.00508,0,0,0.11852,0,0.51338,0,0.03022,0.04926,0,0,0,18.49268,0.07139,0,0.81192,0.00311,0.06371,0,0.84447,9.90748,0,0,0,0,12.65307,0,0.01148,0,0,0,0,0,0,0,0.07603,0,0,0,0,0,0.01818,0,0.00635,0,0.00641,0,0,0.77484,0,0,0.78519,0,0,0,0,0,0,0,0.01934,0.03242,12.30015,0,0.0819,4.80729,0.06641,0,1.71923,0.59614,2.84148,0,0,4.0926,0.46334,0.02007,0,0.61275,6.63065,0.0072,3.23545,9.88587,0,0,0,0.00393,0.03706,0,0,0.03563,0,0,0.02372,0,0,0.09227,0.01945,0,0,0,0,0,0,0,0,0,0,0.97033,0,0,0,0.17831,0.01497,0,0,0,0,0,0,0.77929,0.02741,0,0,0,0,0,0,0,0.02167,0,0,0.01977,0,0,0,0,0,0,0,0,0,0,0,0,0.00547,0,0,0,0,0,0,0,0,0,0,0,3.13065,0,0,0,0
V1_CD_15,0,0,0,0,0,0,0,0,0,0,0,0,0,0,0,0,4.93501,0.00115,0,0,0,0,0,0.16529,0,0,0,0,64.34499,0,0,0,0,0,0,0,7.48246,0,0,0,0.03226,0,0,0,0,0.0146,0,0,0,0,0,0,0,0,0,0,0,0,0,0,0.07206,0,0,0.02111,0,0.06141,0,1.0641,0,0,0,0,0,0,0.04063,0.27583,0.00494,1.00993,0,0.0189,2.74632,0.00877,0,0.00573,0.22881,0.10759,0,0,1.44862,1.10915,0.09326,0,0.01105,4.34836,0.00791,0,0.32393,0,0,0.00612,0.04332,0.07306,0,0,0,0,0,4.8901,0,0,0.02438,0,0,0,0,0,0,0,0,0,0,0,0,0,0,0,0,4.79557,0,0,0,0,0,0,0,0,0,0,0,0,0,0,0,0,0,0,0.17512,0,0,0,0,0,0,0,0,0,0,0,0,0,0,0,0,0.00813,0,0,0,0,0,0,0,0,0,0,0,0
V1_CD_1,0,0,0,0,0,0,0,0,0,0,0,0,0,0,0,0,1.15473,0,0,0.01416,0,0.32746,0,0.1063,0,0,0,0,61.89923,0.06203,0,1.50917,0.00119,0,0,0.77941,6.41936,0,0,0,0.00107,0.55247,0,0.11064,0,0.10147,0,0,0,0,0,0.01047,0,0,0,0,0,0,0,0,0,0,0,0,0.14154,0,0.0422,1.52528,0,0,0,0,0,0,0.04395,0.11609,0,3.84322,0,0.13113,2.74251,0.00846,0,0.63747,0.3577,1.62629,0,0,0.59885,0.6349,0.06851,0,0.11416,8.63626,0.01111,0.08189,0.33964,0,0,0.06475,0.21911,0.06724,0,0,0.2946,3.6704,0,0,0,0,0.01412,0.00606,0,0,0,0,0,0,0,0.07196,0,0,0.13295,0.01249,0,0,0.13498,0,0.06594,0,0,0,0,0,0.36325,0.02456,0,0,0,0,0,0,0,0,0,0,0.09985,0,0,0,0,0,0,0.00737,0,0,0,0,0,0,0,0,0,0,0,0,0,0,0,0,0,0,0,0,0,0
V1_CD_2,0.09958,0.00141,0,0,0,0.02965,0,0,0,0,0,0,0,0,0,0,0.36532,0,0,0.01522,0,0.03356,0.00569,0,0,0.00289,0,0,9.70822,0.11564,0,0.06406,0.00307,0.0028,0,0.10736,0.72146,0,0,0.41224,64.58592,0.709,0,0.02086,0,0,0,0,0,0,0.00352,0.01382,0,0,0,0,0,0,0,0,0,0,0,0,0.1902,0,0,0.3424,0,0,0,0,0,0,0,0,0,3.42797,0,0,0.35189,0.03423,0,1.7261,0.30697,0.15074,0,0,0.53858,0.14122,0.02432,0,0.25921,4.16049,0.00313,0.32266,3.94867,0,0.12916,0,0.15528,0,0,0,0,0,4.59257,0,0,0,1.59626,0.01888,0,0,0,0,0,0,0,0.02533,0,0,0,0.00366,0,0.02319,0.00142,0.00459,0.27055,0.06608,0,0,0,0,0,0.08256,0,0,0.00096,0,0,0,0,0,0,0,0.00399,0,0,0,0,0,0,0,0,0,0,0.00705,0,0.05427,0,0,0,0.00621,0,0,0,0,0,0,0,0.00791,0,0,0,0
V1_CD_3,0,0,0,0,0,0,0,0,0,0,0,0,0.00624,0,0.01933,0,5.32704,0,0,0.05526,0,0.31556,0.10098,0,0.01174,0.00688,0,0,30.66835,1.61323,0,1.18642,0.00263,0.01543,0,0.80623,3.41706,0.00171,0,0,0.16591,6.91855,0,0,0,0.03399,0,0,0,0,0,0.02317,0,0,0,0,0,0.00149,0,0.00099,0,0,0,0,0.80655,0,0,1.65473,0,0,0,0,0,0,0,0,0.00174,12.58311,0,0.05181,1.48685,0.03373,0,0.6994,0.66813,0.17138,0,0,0.91659,0.37523,0.15289,0,0.21353,8.13678,0.00742,7.46782,11.23212,0,0,0,0.01052,0.0017,0,0,0.03144,0,0,0.02723,0,0,0.14839,0.10909,0.00117,0,0,0,0,0.01583,0,0.03185,0,0,0,0,0,0.00096,0,0.00633,0.76086,0.45702,0,0,0,0,0.64863,0.04229,0.00116,0,0,0,0.01196,0,0,0,0.02239,0,0.05523,0,0,0,0,0,0,0,0,0,0,0.00474,0,0.22477,0,0,0,0,0,0,0,0,0,0,0,0.02844,0,0,0,0
V1_CD_4,0,0,0,0,0,0.00598,0,0,0,0,0,0,0,0,0,0,3.03209,0,0,0.14795,0,0.01855,0.13447,0.29249,0.05381,0.00083,0,0,14.6954,1.96256,0,0.75658,0.00731,0.07089,0,0.43072,1.07782,0,0,0,0,11.07189,0,0.01964,0,0,0,0,0,0,0,0.03252,0.00642,0,0,0,0,0,0,0,0,0,0,0,0.31902,0,0.00633,0.17391,0,0,0,0,0,0,0.04751,0.01386,0.03985,16.93396,0,1.70929,2.77562,0.09956,0,3.76764,2.21882,0.1979,0,0,1.04291,0.41412,0.01716,0,0.8085,11.49989,0.01523,6.00628,10.45585,0.01291,0,0.0026,0.01577,0.07441,0,0,0.00845,0,0,6.1362,0,0,0.15786,0.16391,0,0,0,0,0,0,0,0,0,0,0.17399,0,0,0,0.04083,0,0,0,0,0,0,0,0.59672,0.01548,0,0,0,0,0,0,0,0,0,0,0.00564,0.01046,0,0,0,0,0,0,0,0,0,0,0,0.0084,0,0,0,0,0,0,0,0,0,0,0,0.19521,0,0,0,0
V1_CD_6,0,0,0,0,0,0.00699,0.01598,0,0,0,0,0,0,0,0,0,0.46561,0,0,0.03509,0,0.15781,0.14494,0.01691,0,0.00302,0,0,35.68064,0,0,3.95507,0.00497,0,0,0.803,4.36161,0,0,0,0.02388,6.70665,0,0.01148,0,0,0,0,0,0,0,0.01521,0,0,0,0,0,0,0,0,0,0,0,0,0.08251,0,0.01463,2.1215,0,0,0,0,0,0,0.02003,0.0524,0.00459,9.90619,0,0.01107,5.26935,0.12175,0,0.07836,1.32137,1.30012,0,0,6.50612,0.89804,0,0,0.12632,3.32351,0.02013,1.9706,6.11429,0,1.93016,0,0.06236,0.04597,0,0,0.06355,0,0.00047,0,0,0,0.11278,0,0,0,0,0,0,0,0,0,0,0,0.5155,0,0,0,0.69403,2.41315,0,0.14544,0,0,0,0,0.8537,0.54093,0,0,0,0,0,0,0,0,0,0,0.04614,0,0,0,0,0,0,0,0,0,0,0,0,0.07802,0,0,0.02368,0.01025,0,0,0,0,0,0,0,0.79207,0,0,0,0
V1_CD_8,9.56474,0.00447,0.0621,0,0,0,0,0.00706,0.01232,0,0,0,0,0,0,0,0.89029,0,0,0.11538,0,0.94377,0.008,0.00422,0.00661,0.01222,0,0,24.92252,1.78009,0,4.029,0.00237,0.04954,0,1.03506,2.76499,0,0,0.42132,0,1.68121,0,0.03005,0,0.02532,0,0,0,0,0,0.09953,0,0,0,0,0,0,0,0,0,0,0,0,0.03546,0,0,0.03109,0,0,0,0,0,0,0,0.01889,0.03771,5.8718,0,0.00129,1.95039,0.16766,0,8.77873,0.70668,0.38067,0,0,1.87396,1.2222,0.01751,0,0.67793,6.44622,0.02256,2.63914,13.2496,0,0,0,0.01016,0.05903,0,0,0,0.14321,0,1.62583,0,0,0.23261,0,0,0,0,0,0.00535,0,0,0,0,0,0.00404,0,0,0.04005,0.00978,0,0.03787,0.04759,0,0,0,0,0.47999,0.20596,0,0,0,0,0,0,0,0,0,0,0.04602,0,0,0,0,0,0,0,0,0,0,0,0,0,0,0,0,0,0,0,0,0,0,0,0,4.45083,0,0,0,0
V1_CD_9,4.77886,0,0.03223,0.01522,0,0.04661,0,0,0,0,0,0,0,0,0,0,0.47908,0,0,0,0,0.03398,0,0.06848,0.03017,0.00526,0,0,19.27371,3.06237,0,1.00496,0.00712,0.05518,0,0.51812,7.56642,0,0,0,0,14.73776,0,0.00765,0,0.02434,0,0,0,0,0,0.02028,0,0,0,0,0,0,0,0,0,0,0,0,0.01197,0,0,0.33538,0,0,0,0,0,0,0.07047,0.1371,0.03183,5.27969,0,0.01727,1.75389,0.0226,0,0,1.11597,0.3739,0,0,0.14509,4.60202,0.04015,0,0.54388,0.7717,0.02377,10.02616,6.88367,0,0,0.35698,0.11988,0.10717,0,0.00986,1.20226,8.59442,0,0,0,0,0.08886,0,0,0,0,0,0,0,0,0,0,0,0.04705,0.01209,0,0.03938,0.0489,0,0.08085,0,0,0,0,0,1.01925,0.12807,0,0,0,0,0,0,0,0,0.01028,0,0.14063,0,0,0,0,0,0,0,0,0,0,0,0,0,0,0,0.01579,0.02734,0,0,0,0.02034,3.66619,0,0,0.31009,0,0,0,0
V1_UC_10,0.41965,0,0,0,0,0.02846,0,0,0,0,0,0,0,0,0,0,1.126,0,0,0.22483,0,0.39786,0,0,0.01962,0.01184,0,0,10.8143,1.08567,0,0,0.0061,0,0,0.31131,2.95197,0,0,0,0,3.37994,0,0,0,0.01211,0,0,0,0,0,0.03095,0,0,0,0,0,0,0,0,0,0,0,0,0.347,0,0,7.38552,0,0,0,0,0,0,2.86943,0.00041,0.05702,10.16161,0,0.0932,2.36501,0.17226,0,0.89668,0.90623,8.80223,0,0,1.25517,0.28477,0.19604,0,0.12145,18.53098,0.07707,7.4046,9.62917,0,0,0,0.11505,0.02599,0,0.05445,0.00303,0,0,3.85627,0,0.02322,0.06676,0.49303,0,0,0,0,0,0,0,0,0,0,0,0,0,0,0,1.11217,0,0,0,0,0,0,0.05634,0,0,0,0,0,0,0,0,0,0,0,0.17707,0,0,0,0,0,0,0,0,0,0,0,0,0.06425,0,0,0,0,0,0,0,0,0,0,0,1.57595,0,0,0,0
V1_UC_13,0,0,0,0,0,0.01653,0,0,0,0,0,0,0.01009,0,0,0,2.17437,0,0.01281,0,0,1.73645,10.12204,0.32237,0.35089,0.03516,0,0,29.13987,1.18839,0,2.85121,0.00329,0,0,0.72654,3.22078,0,0,0.14075,0,17.33401,0,0.01809,0,0,0,0,0,0,0,0.05392,0,0,0.00553,0,0,0,0,0.02011,0,0,0,0.00357,0.07877,0,0,2.05457,0,0.00235,0,0,0.0394,0.01941,0.04201,0.04011,0.02333,2.40764,0.00473,0,3.56666,0,0,0.12053,0.06653,4.44493,0,0,0.00313,1.05509,0.06325,0.051,0.54601,0.00708,0.00308,2.74197,10.16849,0,0,0.00333,0.20932,0.18039,0.04949,0,0,0.82805,0,0.01763,0,0.06169,0.04847,0,0,0,0,0,0,0,0,0,0,0,0,0,0,0,0,0,0,0,0,0.0344,0,0,1.31441,0.02541,0,0,0,0,0,0,0,0,0,0,0.1662,0,0,0,0.00463,0,0,0,0,0,0,0,0,0.01363,0,0,0,0,0,0,0,0.00609,0,0,0,0,0,0,0,0
V1_UC_14,0.24062,0,0,0,0,0,0,0,0,0,0,0,0.00347,0,0,0,21.079,0,0,0,0,1.05047,0,0,0.00147,0.02509,0,0.00244,18.38441,0.34606,0,1.24083,0.00052,0,0,0.02836,1.67234,0,0.03148,0.54864,0.01931,2.00778,0,0.11027,0,0,0,0,0,0,0,0.02247,0,0.01352,0,0,0,0.00573,0,0.90964,0.00688,0,0,0,0.38529,0,0,2.2094,0,0,0,0,0,0,0,0.00623,0.00866,10.87976,0,0.11415,1.59703,0.17175,0,1.48689,0.37934,2.42839,0,0,0.92295,0.60888,0.02966,0,0.42886,10.55959,0.02098,5.58873,10.29529,0,0.63932,0,2.17185,0.01067,0,0,0,0,0.13341,0.0012,0,0,0.13636,0.02153,0,0,0,0,0,0,0,0,0,0,0,0,0,0,0.00556,0.0131,0.75724,0.06717,0,0,0,0,0.12209,0.04663,0,0,0,0,0,0,0,0,0,0,0,0,0,0,0,0,0,0,0,0,0,0,0,0.00123,0,0,0,0,0,0,0,0,0,0,0,0,0,0,0,0
V1_UC_15,0,0,0,0,0,0.05261,0,0,0,0,0,0,0.0032,0,0,0,18.68901,0,0,0.08849,0,1.78441,0,0.01987,0.00985,0.00449,0,0,12.07112,1.18113,0,4.39828,0,0.07895,0,0.99023,6.72748,0,0.00205,0,0,8.0497,0,0,0,0.00836,0,0,0.00206,0,0,0.0176,0,0,0,0,0,0.00846,0,0.453,0,0,0,0,0.28999,0,0.07882,1.80059,0,0.00168,0,0,0,0,0.00716,0.00687,0.0958,8.80757,0,0.0672,1.38818,0.08574,0,1.23054,0.55597,0.54112,0,0,1.25158,1.12679,0.05792,0.0011,0.12118,22.81039,0.5005,2.32241,1.33527,0,0,0,0.0704,0.08712,0,0,0.00709,0,0,0.04974,0,0,0.10087,0.05215,0,0,0,0,0,0,0,0,0,0,0,0,0,0,0,0,0.01361,0,0,0,0,0,0,0,0,0,0,0,0,0,0,0,0,0,0.43507,0.00424,0.01821,0.0097,0.00468,0,0,0,0,0,0,0,0,0.02238,0,0,0,0,0,0,0,0,0,0,0,0,0,0,0,0
V1_UC_17,0.07288,0,0,0,0,0.00775,0,0.01528,0,0.03977,0,0.01823,0,0,0.02172,0,0.52619,0.00331,0,0.00834,0,0.56129,0.10745,0.02083,0,0.01728,0.00983,0,16.23055,0.21486,0,2.21205,0.00564,0.00469,0,1.00197,4.18459,4.59745,0.00487,1.55228,2.51331,3.0023,0,0.01272,0,0.06336,0,0,0,0,0,0.04213,0,0,0,0,0,0,0,0,0,0,0.02536,0,0.08463,0,0,0.4381,0,0.01854,0.01509,0,1.21049,0.78251,0.01193,0.08002,0.05335,22.23887,0,0,1.86308,0.17173,0,0.48794,0.40206,0.58738,0,0,0.98327,2.84761,0.02224,1.00099,0.6081,5.10556,0.03698,0.84416,8.46031,0,0,0.04754,1.32424,0.12994,1.28234,0,0.0616,0,0.00206,0,3.28287,0.11569,0.01136,0,3.96092,0,0,0,0,0,0,0,0,0,0,0,0,0.03636,0.00083,0.00257,0.22816,0.10074,0,0,0,0,1.78012,0.07709,0,0,0,0,0,0,0,0,0,0,2.02427,0,0,0.01576,0.06226,0,0,0,0,0,0,0,0,0,0,0,0,0,0,0,0,0,0,0,0,0,0,0,0,0
V1_UC_18,0,0,0,0,0,0,0,0,0,0,0,0,0,0,0,0.00067,8.25066,0,0.00564,0,0.01332,0.62033,0,0.03485,0.01113,0.00154,0,0,41.06996,0.22715,0,2.62276,0,0,0,1.89639,2.47974,0,0,0,0.04189,0.46048,0,0.02716,0,0.04178,0,0,0.00105,0,0,0.00899,0,0,0,0.00584,0,0.00541,0,0,0,0,0,0,0.45753,0,0.01111,1.48852,0,0.00336,0,0,0,0,0,0.04577,0.00848,10.54293,0,0.13166,1.73862,0.0982,0,0.3435,0.43171,1.06828,0,0,4.57191,0.59254,0.01187,0,0.08114,11.29988,0.02814,0.75653,2.34901,0,0,0.01164,0.0054,0.0809,0,0,0.03458,0,0,0.0114,0,0.0118,0.05458,0.40168,0,0,0,0,0,0,0,0.01236,0,0,0,0,0,0,0,5.09237,0,0.17205,0,0,0,0,0,0,0,0,0,0,0,0,0,0,0,0,0.0039,0,0,0,0,0,0,0,0,0,0,0,0,0.0952,0,0,0,0.03032,0,0,0.00246,0.00641,0,0,0,0.08234,0,0.00187,0.0013,0
V1_UC_19,0,0,0,0,0,0.02116,0,0,0,0,0,0,0.00211,0,0,0,2.17202,0,0,0.00456,0,2.38882,0.00544,0,0.05195,0.0079,0,0,20.87258,0.10234,0,0.23514,0.00156,0.05284,0,1.28035,5.697,0,0,1.36343,0,10.30484,0,0.00869,0,0,0,0,0,0,0.00439,0.01726,0,0,0,0,0,0.00646,0,0,0,0,0,0,0.03617,0,0,0.09166,0,0,0,0,0,0,0,0.01342,0.01489,2.94739,0,0.00829,1.39693,0.07698,0,4.29396,0.69166,0.34318,0,0,7.20016,0.26657,0.06076,0,0.34605,11.43513,0.01837,1.22396,10.77757,0,0,0,0.28703,0.07186,0,0,0.32426,0.99798,0,0,0,0.02039,0.0931,0.00417,0,0,0,0,0,0.01572,0,0,0,0,0.66093,0,0,0.25482,0.38413,0,0,0.13758,0,0,0,0,0.91862,0.03607,0,0,0,0,0,0,0,0,0.04399,0,0.30929,0.00481,0,0.01161,0,0,0,0,0,0,0,0,0,0,0,0,0,0,0,0,0,0,0,0,0,9.57425,0,0.00255,0.00293,0
V1_UC_21,0,0,0,0,0,0,0,0,0,0,0,0,0.01705,0,0,0,0.48408,0,0,0.00277,0,0.1935,0,0.01539,0.00437,0.00284,0,0,13.66599,0.80166,0,1.15501,0,0,0,0.42948,0.57877,0,0,0.74397,7.66643,7.75976,0,0.02031,0,0.00887,0,0,0,0,0,0.00897,0,0,0.00572,0,0,0.0084,0,0.54883,0.00617,0,0.00966,0,4.66639,0,0.00739,0.04686,0,0.00401,0,0,0.01739,0,0,0,0,12.10883,0,0.02137,0.78239,0.08665,0,0.14965,0.09761,0.80907,0,0.00184,3.10918,0.12943,0.10653,0.00885,0.15005,23.58496,0.00749,0.02869,1.22543,0,0,0,0.1711,0.04634,0,0,0.02565,0,0,14.01313,0,0,0.06046,0.63338,0.00806,0,0,0,0,0,0,0,0,0,0,0,0,0,0,0,0.02173,0.06433,0,0,0,0,0.11582,0,0,0,0,0,0,0,0,0.0073,1.60235,0,0.06609,0,0,0.01082,0,0,0,0,0.00088,0,0,0.0325,0.01377,1.81827,0,0,0,0,0,0,0,0,0,0,0,0,0,0,0,0
V1_UC_6,0.00913,0,0,0,0,0.0062,0,0.00457,0,0,0,0.02918,0,0,0.01744,0,2.97706,0,0.00846,0.42827,0,0.01297,0,0.14953,0.06468,0.00568,0,0,6.80987,0.77133,0,3.40441,0,0,0,0.92902,2.35173,0.00095,0.0032,0,0.03071,10.7672,0,0,0,0.01319,0,0,0,0,0,0.02023,0,0,0.00502,0,0,0.00202,0.00409,0.01067,0,0,0,0.03682,0.88985,0,0,5.2236,0.00129,0.00441,0,0,0.00302,0,0.0011,0.01193,0.0523,7.4448,0,0.28143,3.12058,0.07017,0.0017,1.44244,1.17794,0.75769,0,0,4.38943,0.80091,0.07271,0,0.55889,10.86594,0.01415,3.9031,22.07673,0,0,0,0.3795,0.03606,0.00174,0,0.00557,0.02068,0,0.00071,0,0.02315,0.05456,0.01471,0.00475,0,0,0,0,0,0,0,0,0,0.03383,0,0,0,0.03927,1.31689,0,0,0,0,0,0,0.70034,0.00739,0,0,0,0,0,0,0,0,0,0,0.01169,0,0,0,0,0,0,0,0,0,0,0,0,0.01703,0,0,0,0.00909,0,0,0,0,0,0,0,5.28325,0,0,0,0
V1_UC_7,0,0,0,0,0,0,0,0,0,0,0.00037,0,0,0,0,0,1.09512,0,0,0.05974,0,0.5677,0,0.01546,0.01471,0,0,0,11.9651,0.01412,0,0.79868,0.00188,0,0,0.7149,2.88161,0.02154,0,0.93363,41.10882,3.03665,0,0.00893,0,0,0,0,0,0,0,0,0,0,0,0,0,0,0,0,0,0,0,0,0.00925,0,0.00284,0.16587,0,0,0,0,0,0,0.00096,0.03714,0,6.91181,0,0.02377,1.41907,0.0083,0,0.47761,0.69249,0.15286,0,0,4.34693,0.69695,0,0.00233,0.05179,1.29707,0.00501,1.2348,1.50836,0,0,0,0.00349,0.01204,0,0,0.09867,1.69941,0,9.86899,0,0.97174,0.01596,0.00494,0.00838,0,0,0,0,0.01617,0,0.03253,0,0,0,0,0,0,0,2.9036,0,0.01415,0,0,0,0,0.43621,0.14547,0,0,0,0,0,0,0,0,0,0,0.24622,0,0,0,0,0,0,0,0,0,0,0,0,0,0,0,0,0,0,0,0,0,0,0,0,1.23786,0,0,0,0
V1_UC_8,3.39891,0,0.00346,0,0,0.00442,0,0.00647,0,0,0,0.01041,0.00192,0.00739,0.00119,0,6.93772,0,0.00236,0.81673,0.00452,0.02494,0.6572,0.00735,0.13456,0.00442,0,0,13.25467,0.13206,0,1.13554,0.00276,0.03795,0,0.75464,3.78049,0,0,0,0.00054,6.16074,0,0.00726,0,0.01828,0,0,0,0,0,0.01925,0,0,0,0,0,0.00946,0,0.04344,0,0,0,0,0.393,0,0,0.07666,0,0.0091,0,0,0,0,0,0.01529,0.04003,6.71828,0,0.03324,5.87495,0.04726,0,3.23636,2.86484,1.28555,0,0,0.3903,0.87804,0.11431,0.00024,0.43019,4.972,0.0033,18.22235,8.74682,0,0,0,0.03215,0.06988,0.00377,0,0.0393,0,0,2.23227,0,0,0.0519,0.0033,0,0,0,0,0,0.01315,0,0,0,0,0.01536,0,0,0.02856,0.01308,0.23369,0,0.06902,0,0,0,0,0.29286,0.14353,0,0,0,0,0,0,0,0,0,0,0.00207,0,0,0,0,0,0,0,0,0,0,0,0,0,0,0,0,0,0,0,0,0,0,0,0,4.97454,0,0,0.04616,0.00228
V1_UC_9,0.23864,0,0.00396,0,0,0.01011,0,0,0,0,0,0.01189,0,0,0.01211,0,3.11168,0,0,2.19006,0,2.28714,0.01752,0.01136,0.49907,0.01272,0,0,6.09051,1.07977,0,2.17368,0.00075,0.0041,0,0.47513,2.01697,0,0,0.06651,0.00382,5.1659,0,0,0,0.01332,0,0.00396,0.00115,0,0,0.04948,0,0,0,0,0,0.00145,0,0.07883,0,0.03608,0,0,0.1803,0,0,1.7191,0,0,0,0,0,0,0.02311,0.01841,0.00563,6.65656,0,0.0899,3.47739,24.02925,0,1.67167,2.63898,0.83749,0,0,0.90681,0.21059,0.07256,0,0.34193,2.18147,0,0.02713,20.35559,0,0,0,0.01141,0.2128,0,0,0.01222,0,0,0.00264,0.04596,0.08072,0.14084,0.00271,0,0,0,0,0,0,0,0.01511,0,0,0,0.00437,0,0.07306,0,0.09141,0,0,0.03267,0,0,0,0.47001,0.11655,0,0,0,0,0,0,0,0,0,0,0,0,0,0,0,0,0,0,0,0,0,0,0,0,0,0,0.01712,0,0,0,0,0,0,0,0,7.55885,0,0,0,0
