SampleID,k__Archaea|p__Euryarchaeota|c__Methanobacteria|o__Methanobacteriales|f__Methanobacteriaceae|g__Methanobrevibacter,k__Archaea|p__Euryarchaeota|c__Methanobacteria|o__Methanobacteriales|f__Methanobacteriaceae|g__Methanosphaera,k__Archaea|p__Euryarchaeota|c__Methanococci|o__Methanococcales|f__Methanocaldococcaceae|g__Methanocaldococcaceae_unclassified,k__Bacteria|p__Acidobacteria|c__Acidobacteriia|o__Acidobacteriales|f__Acidobacteriaceae|g__Granulicella,k__Bacteria|p__Actinobacteria|c__Actinobacteria|o__Actinomycetales|f__Actinomycetaceae|g__Actinomyces,k__Bacteria|p__Actinobacteria|c__Actinobacteria|o__Actinomycetales|f__Actinomycetaceae|g__Varibaculum,k__Bacteria|p__Actinobacteria|c__Actinobacteria|o__Actinomycetales|f__Brevibacteriaceae|g__Brevibacterium,k__Bacteria|p__Actinobacteria|c__Actinobacteria|o__Actinomycetales|f__Corynebacteriaceae|g__Corynebacterium,k__Bacteria|p__Actinobacteria|c__Actinobacteria|o__Actinomycetales|f__Dermatophilaceae|g__Dermatophilaceae_unclassified,k__Bacteria|p__Actinobacteria|c__Actinobacteria|o__Actinomycetales|f__Microbacteriaceae|g__Leifsonia,k__Bacteria|p__Actinobacteria|c__Actinobacteria|o__Actinomycetales|f__Micrococcaceae|g__Kocuria,k__Bacteria|p__Actinobacteria|c__Actinobacteria|o__Actinomycetales|f__Micrococcaceae|g__Rothia,k__Bacteria|p__Actinobacteria|c__Actinobacteria|o__Actinomycetales|f__Propionibacteriaceae|g__Propionibacteriaceae_unclassified,k__Bacteria|p__Actinobacteria|c__Actinobacteria|o__Actinomycetales|f__Propionibacteriaceae|g__Propionibacterium,k__Bacteria|p__Actinobacteria|c__Actinobacteria|o__Bifidobacteriales|f__Bifidobacteriaceae|g__Alloscardovia,k__Bacteria|p__Actinobacteria|c__Actinobacteria|o__Bifidobacteriales|f__Bifidobacteriaceae|g__Bifidobacterium,k__Bacteria|p__Actinobacteria|c__Actinobacteria|o__Bifidobacteriales|f__Bifidobacteriaceae|g__Gardnerella,k__Bacteria|p__Actinobacteria|c__Actinobacteria|o__Bifidobacteriales|f__Bifidobacteriaceae|g__Parascardovia,k__Bacteria|p__Actinobacteria|c__Actinobacteria|o__Bifidobacteriales|f__Bifidobacteriaceae|g__Scardovia,k__Bacteria|p__Actinobacteria|c__Actinobacteria|o__Coriobacteriales|f__Coriobacteriaceae|g__Adlercreutzia,k__Bacteria|p__Actinobacteria|c__Actinobacteria|o__Coriobacteriales|f__Coriobacteriaceae|g__Atopobium,k__Bacteria|p__Actinobacteria|c__Actinobacteria|o__Coriobacteriales|f__Coriobacteriaceae|g__Collinsella,k__Bacteria|p__Actinobacteria|c__Actinobacteria|o__Coriobacteriales|f__Coriobacteriaceae|g__Eggerthella,k__Bacteria|p__Actinobacteria|c__Actinobacteria|o__Coriobacteriales|f__Coriobacteriaceae|g__Gordonibacter,k__Bacteria|p__Actinobacteria|c__Actinobacteria|o__Coriobacteriales|f__Coriobacteriaceae|g__Olsenella,k__Bacteria|p__Actinobacteria|c__Actinobacteria|o__Coriobacteriales|f__Coriobacteriaceae|g__Slackia,k__Bacteria|p__Aquificae|c__Aquificae|o__Aquificales|f__Desulfurobacteriaceae|g__Desulfurobacteriaceae_unclassified,k__Bacteria|p__Bacteroidetes|c__Bacteroidia|o__Bacteroidales|f__Bacteroidaceae|g__Bacteroides,k__Bacteria|p__Bacteroidetes|c__Bacteroidia|o__Bacteroidales|f__Bacteroidales_noname|g__Bacteroidales_noname,k__Bacteria|p__Bacteroidetes|c__Bacteroidia|o__Bacteroidales|f__Porphyromonadaceae|g__Barnesiella,k__Bacteria|p__Bacteroidetes|c__Bacteroidia|o__Bacteroidales|f__Porphyromonadaceae|g__Butyricimonas,k__Bacteria|p__Bacteroidetes|c__Bacteroidia|o__Bacteroidales|f__Porphyromonadaceae|g__Coprobacter,k__Bacteria|p__Bacteroidetes|c__Bacteroidia|o__Bacteroidales|f__Porphyromonadaceae|g__Odoribacter,k__Bacteria|p__Bacteroidetes|c__Bacteroidia|o__Bacteroidales|f__Porphyromonadaceae|g__Parabacteroides,k__Bacteria|p__Bacteroidetes|c__Bacteroidia|o__Bacteroidales|f__Porphyromonadaceae|g__Porphyromonas,k__Bacteria|p__Bacteroidetes|c__Bacteroidia|o__Bacteroidales|f__Prevotellaceae|g__Alloprevotella,k__Bacteria|p__Bacteroidetes|c__Bacteroidia|o__Bacteroidales|f__Prevotellaceae|g__Paraprevotella,k__Bacteria|p__Bacteroidetes|c__Bacteroidia|o__Bacteroidales|f__Prevotellaceae|g__Prevotella,k__Bacteria|p__Bacteroidetes|c__Bacteroidia|o__Bacteroidales|f__Rikenellaceae|g__Alistipes,k__Bacteria|p__Bacteroidetes|c__Flavobacteriia|o__Flavobacteriales|f__Flavobacteriaceae|g__Cellulophaga,k__Bacteria|p__Bacteroidetes|c__Sphingobacteriia|o__Sphingobacteriales|f__Sphingobacteriaceae|g__Pedobacter,k__Bacteria|p__Candidatus_Saccharibacteria|c__Candidatus_Saccharibacteria_noname|o__Candidatus_Saccharibacteria_noname|f__Candidatus_Saccharibacteria_noname|g__Candidatus_Saccharibacteria_noname,k__Bacteria|p__Candidatus_Saccharibacteria|c__Candidatus_Saccharibacteria_noname|o__Candidatus_Saccharibacteria_noname|f__Candidatus_Saccharibacteria_noname|g__Candidatus_Saccharibacteria_noname_unclassified,k__Bacteria|p__Chlorobi|c__Chlorobia|o__Chlorobiales|f__Chlorobiaceae|g__Chlorobium,k__Bacteria|p__Deinococcus_Thermus|c__Deinococci|o__Deinococcales|f__Deinococcaceae|g__Deinococcus,k__Bacteria|p__Deinococcus_Thermus|c__Deinococci|o__Deinococcales|f__Deinococcales_unclassified,k__Bacteria|p__Firmicutes|c__Bacilli|o__Bacillales|f__Bacillaceae|g__Lysinibacillus,k__Bacteria|p__Firmicutes|c__Bacilli|o__Bacillales|f__Bacillales_noname|g__Gemella,k__Bacteria|p__Firmicutes|c__Bacilli|o__Bacillales|f__Staphylococcaceae|g__Staphylococcus,k__Bacteria|p__Firmicutes|c__Bacilli|o__Lactobacillales|f__Aerococcaceae|g__Abiotrophia,k__Bacteria|p__Firmicutes|c__Bacilli|o__Lactobacillales|f__Carnobacteriaceae|g__Granulicatella,k__Bacteria|p__Firmicutes|c__Bacilli|o__Lactobacillales|f__Enterococcaceae|g__Enterococcus,k__Bacteria|p__Firmicutes|c__Bacilli|o__Lactobacillales|f__Lactobacillaceae|g__Lactobacillus,k__Bacteria|p__Firmicutes|c__Bacilli|o__Lactobacillales|f__Lactobacillaceae|g__Pediococcus,k__Bacteria|p__Firmicutes|c__Bacilli|o__Lactobacillales|f__Leuconostocaceae|g__Leuconostoc,k__Bacteria|p__Firmicutes|c__Bacilli|o__Lactobacillales|f__Leuconostocaceae|g__Weissella,k__Bacteria|p__Firmicutes|c__Bacilli|o__Lactobacillales|f__Streptococcaceae|g__Lactococcus,k__Bacteria|p__Firmicutes|c__Bacilli|o__Lactobacillales|f__Streptococcaceae|g__Streptococcus,k__Bacteria|p__Firmicutes|c__Clostridia|o__Clostridiales|f__Clostridiaceae|g__Butyricicoccus,k__Bacteria|p__Firmicutes|c__Clostridia|o__Clostridiales|f__Clostridiaceae|g__Clostridiaceae_noname,k__Bacteria|p__Firmicutes|c__Clostridia|o__Clostridiales|f__Clostridiaceae|g__Clostridium,k__Bacteria|p__Firmicutes|c__Clostridia|o__Clostridiales|f__Clostridiales_Family_XIII_Incertae_Sedis|g__Clostridiales_Family_XIII_Incertae_Sedis_noname,k__Bacteria|p__Firmicutes|c__Clostridia|o__Clostridiales|f__Clostridiales_Family_XIII_Incertae_Sedis|g__Clostridiales_Family_XIII_Incertae_Sedis_unclassified,k__Bacteria|p__Firmicutes|c__Clostridia|o__Clostridiales|f__Clostridiales_Family_XI_Incertae_Sedis|g__Anaerococcus,k__Bacteria|p__Firmicutes|c__Clostridia|o__Clostridiales|f__Clostridiales_Family_XI_Incertae_Sedis|g__Finegoldia,k__Bacteria|p__Firmicutes|c__Clostridia|o__Clostridiales|f__Clostridiales_Family_XI_Incertae_Sedis|g__Parvimonas,k__Bacteria|p__Firmicutes|c__Clostridia|o__Clostridiales|f__Clostridiales_Family_XI_Incertae_Sedis|g__Peptoniphilus,k__Bacteria|p__Firmicutes|c__Clostridia|o__Clostridiales|f__Clostridiales_noname|g__Clostridiales_noname,k__Bacteria|p__Firmicutes|c__Clostridia|o__Clostridiales|f__Clostridiales_noname|g__Flavonifractor,k__Bacteria|p__Firmicutes|c__Clostridia|o__Clostridiales|f__Clostridiales_noname|g__Pseudoflavonifractor,k__Bacteria|p__Firmicutes|c__Clostridia|o__Clostridiales|f__Eubacteriaceae|g__Anaerofustis,k__Bacteria|p__Firmicutes|c__Clostridia|o__Clostridiales|f__Eubacteriaceae|g__Eubacterium,k__Bacteria|p__Firmicutes|c__Clostridia|o__Clostridiales|f__Lachnospiraceae|g__Anaerostipes,k__Bacteria|p__Firmicutes|c__Clostridia|o__Clostridiales|f__Lachnospiraceae|g__Blautia,k__Bacteria|p__Firmicutes|c__Clostridia|o__Clostridiales|f__Lachnospiraceae|g__Butyrivibrio,k__Bacteria|p__Firmicutes|c__Clostridia|o__Clostridiales|f__Lachnospiraceae|g__Coprococcus,k__Bacteria|p__Firmicutes|c__Clostridia|o__Clostridiales|f__Lachnospiraceae|g__Dorea,k__Bacteria|p__Firmicutes|c__Clostridia|o__Clostridiales|f__Lachnospiraceae|g__Lachnospiraceae_noname,k__Bacteria|p__Firmicutes|c__Clostridia|o__Clostridiales|f__Lachnospiraceae|g__Marvinbryantia,k__Bacteria|p__Firmicutes|c__Clostridia|o__Clostridiales|f__Lachnospiraceae|g__Roseburia,k__Bacteria|p__Firmicutes|c__Clostridia|o__Clostridiales|f__Oscillospiraceae|g__Oscillibacter,k__Bacteria|p__Firmicutes|c__Clostridia|o__Clostridiales|f__Peptostreptococcaceae|g__Peptostreptococcaceae_noname,k__Bacteria|p__Firmicutes|c__Clostridia|o__Clostridiales|f__Peptostreptococcaceae|g__Peptostreptococcus,k__Bacteria|p__Firmicutes|c__Clostridia|o__Clostridiales|f__Ruminococcaceae|g__Anaerotruncus,k__Bacteria|p__Firmicutes|c__Clostridia|o__Clostridiales|f__Ruminococcaceae|g__Faecalibacterium,k__Bacteria|p__Firmicutes|c__Clostridia|o__Clostridiales|f__Ruminococcaceae|g__Ruminococcaceae_noname,k__Bacteria|p__Firmicutes|c__Clostridia|o__Clostridiales|f__Ruminococcaceae|g__Ruminococcus,k__Bacteria|p__Firmicutes|c__Clostridia|o__Clostridiales|f__Ruminococcaceae|g__Subdoligranulum,k__Bacteria|p__Firmicutes|c__Clostridia|o__Halanaerobiales|f__Halobacteroidaceae|g__Halobacteroidaceae_unclassified,k__Bacteria|p__Firmicutes|c__Erysipelotrichia|o__Erysipelotrichales|f__Erysipelotrichaceae|g__Catenibacterium,k__Bacteria|p__Firmicutes|c__Erysipelotrichia|o__Erysipelotrichales|f__Erysipelotrichaceae|g__Coprobacillus,k__Bacteria|p__Firmicutes|c__Erysipelotrichia|o__Erysipelotrichales|f__Erysipelotrichaceae|g__Erysipelotrichaceae_noname,k__Bacteria|p__Firmicutes|c__Erysipelotrichia|o__Erysipelotrichales|f__Erysipelotrichaceae|g__Holdemania,k__Bacteria|p__Firmicutes|c__Erysipelotrichia|o__Erysipelotrichales|f__Erysipelotrichaceae|g__Solobacterium,k__Bacteria|p__Firmicutes|c__Erysipelotrichia|o__Erysipelotrichales|f__Erysipelotrichaceae|g__Turicibacter,k__Bacteria|p__Firmicutes|c__Negativicutes|o__Selenomonadales|f__Acidaminococcaceae|g__Acidaminococcaceae_unclassified,k__Bacteria|p__Firmicutes|c__Negativicutes|o__Selenomonadales|f__Acidaminococcaceae|g__Acidaminococcus,k__Bacteria|p__Firmicutes|c__Negativicutes|o__Selenomonadales|f__Acidaminococcaceae|g__Phascolarctobacterium,k__Bacteria|p__Firmicutes|c__Negativicutes|o__Selenomonadales|f__Veillonellaceae|g__Dialister,k__Bacteria|p__Firmicutes|c__Negativicutes|o__Selenomonadales|f__Veillonellaceae|g__Megamonas,k__Bacteria|p__Firmicutes|c__Negativicutes|o__Selenomonadales|f__Veillonellaceae|g__Megasphaera,k__Bacteria|p__Firmicutes|c__Negativicutes|o__Selenomonadales|f__Veillonellaceae|g__Mitsuokella,k__Bacteria|p__Firmicutes|c__Negativicutes|o__Selenomonadales|f__Veillonellaceae|g__Veillonella,k__Bacteria|p__Fusobacteria|c__Fusobacteriia|o__Fusobacteriales|f__Fusobacteriaceae|g__Fusobacterium,k__Bacteria|p__Proteobacteria|c__Alphaproteobacteria|o__Rhizobiales|f__Bartonellaceae|g__Bartonella,k__Bacteria|p__Proteobacteria|c__Betaproteobacteria|o__Burkholderiales|f__Burkholderiaceae|g__Burkholderia,k__Bacteria|p__Proteobacteria|c__Betaproteobacteria|o__Burkholderiales|f__Burkholderiales_noname|g__Burkholderiales_noname,k__Bacteria|p__Proteobacteria|c__Betaproteobacteria|o__Burkholderiales|f__Oxalobacteraceae|g__Oxalobacter,k__Bacteria|p__Proteobacteria|c__Betaproteobacteria|o__Burkholderiales|f__Sutterellaceae|g__Parasutterella,k__Bacteria|p__Proteobacteria|c__Betaproteobacteria|o__Burkholderiales|f__Sutterellaceae|g__Sutterella,k__Bacteria|p__Proteobacteria|c__Betaproteobacteria|o__Burkholderiales|f__Sutterellaceae|g__Sutterellaceae_unclassified,k__Bacteria|p__Proteobacteria|c__Betaproteobacteria|o__Gallionellales|f__Gallionellaceae|g__Gallionellaceae_unclassified,k__Bacteria|p__Proteobacteria|c__Deltaproteobacteria|o__Desulfovibrionales|f__Desulfovibrionaceae|g__Bilophila,k__Bacteria|p__Proteobacteria|c__Deltaproteobacteria|o__Desulfovibrionales|f__Desulfovibrionaceae|g__Desulfovibrio,k__Bacteria|p__Proteobacteria|c__Gammaproteobacteria|o__Aeromonadales|f__Succinivibrionaceae|g__Succinivibrionaceae_unclassified,k__Bacteria|p__Proteobacteria|c__Gammaproteobacteria|o__Enterobacteriales|f__Enterobacteriaceae|g__Citrobacter,k__Bacteria|p__Proteobacteria|c__Gammaproteobacteria|o__Enterobacteriales|f__Enterobacteriaceae|g__Enterobacter,k__Bacteria|p__Proteobacteria|c__Gammaproteobacteria|o__Enterobacteriales|f__Enterobacteriaceae|g__Escherichia,k__Bacteria|p__Proteobacteria|c__Gammaproteobacteria|o__Enterobacteriales|f__Enterobacteriaceae|g__Klebsiella,k__Bacteria|p__Proteobacteria|c__Gammaproteobacteria|o__Enterobacteriales|f__Enterobacteriaceae|g__Morganella,k__Bacteria|p__Proteobacteria|c__Gammaproteobacteria|o__Enterobacteriales|f__Enterobacteriaceae|g__Pantoea,k__Bacteria|p__Proteobacteria|c__Gammaproteobacteria|o__Enterobacteriales|f__Enterobacteriaceae|g__Proteus,k__Bacteria|p__Proteobacteria|c__Gammaproteobacteria|o__Enterobacteriales|f__Enterobacteriaceae|g__Raoultella,k__Bacteria|p__Proteobacteria|c__Gammaproteobacteria|o__Enterobacteriales|f__Enterobacteriaceae|g__Shigella,k__Bacteria|p__Proteobacteria|c__Gammaproteobacteria|o__Oceanospirillales|f__Halomonadaceae|g__Halomonas,k__Bacteria|p__Proteobacteria|c__Gammaproteobacteria|o__Pasteurellales|f__Pasteurellaceae|g__Aggregatibacter,k__Bacteria|p__Proteobacteria|c__Gammaproteobacteria|o__Pasteurellales|f__Pasteurellaceae|g__Haemophilus,k__Bacteria|p__Proteobacteria|c__Gammaproteobacteria|o__Pseudomonadales|f__Moraxellaceae|g__Acinetobacter,k__Bacteria|p__Proteobacteria|c__Gammaproteobacteria|o__Pseudomonadales|f__Pseudomonadaceae|g__Pseudomonas,k__Bacteria|p__Proteobacteria|c__Gammaproteobacteria|o__Xanthomonadales|f__Sinobacteraceae|g__Sinobacteraceae_unclassified,k__Bacteria|p__Spirochaetes|c__Spirochaetia|o__Spirochaetales|f__Brachyspiraceae|g__Brachyspira,k__Bacteria|p__Verrucomicrobia|c__Verrucomicrobiae|o__Verrucomicrobiales|f__Verrucomicrobiaceae|g__Akkermansia,k__Eukaryota|p__Ascomycota|c__Eurotiomycetes|o__Eurotiales|f__Aspergillaceae|g__Penicillium,k__Eukaryota|p__Ascomycota|c__Saccharomycetes|o__Saccharomycetales|f__Saccharomycetaceae|g__Naumovozyma,k__Eukaryota|p__Ascomycota|c__Saccharomycetes|o__Saccharomycetales|f__Saccharomycetaceae|g__Saccharomyces,k__Eukaryota|p__Ascomycota|c__Saccharomycetes|o__Saccharomycetales|f__Saccharomycetaceae|g__Saccharomycetaceae_unclassified
S118,0.0,0.0,0.0,0.0,0.0,0.0,0.0,0.0,0.0,0.0,0.0,0.0025399999999999997,0.0,0.0,0.0,0.71069,0.0,0.0,0.0,0.08047,0.0,0.18431,0.0,0.057,0.0,0.0,0.0,13.247200000000001,0.909,0.45557,0.0,0.0,0.31301,0.9094099999999999,0.0,0.0,0.0,0.0,15.637419999999999,0.0,0.0,0.0,0.0,0.0,0.0,0.0,0.0,0.0,0.0,0.0,0.0,0.0,0.006640000000000001,0.0,0.0,0.0,0.0,0.02621,0.0,0.09767,0.00135,0.0,0.0,0.0,0.0,0.0,0.0,0.0,0.0,0.0,0.0,5.16248,0.08331000000000001,1.35927,0.0,4.94412,3.28777,0.55136,0.0,1.58447,0.04247,0.12465,0.0,0.01592,4.52985,0.0,12.00659,12.92519,0.0,0.0,0.0,1.1999,0.0,0.0,0.0,0.0,0.0,0.0,5.510190000000001,0.0,0.0,0.02122,0.05737,0.0,0.0,0.0,0.26487,0.04915,0.26985,0.0,0.0,0.0,0.28177,0.00292,0.0,0.0,0.0,1.2476200000000002,0.0,0.0,0.0,0.0,0.0,0.0,0.0,0.0,0.02271,0.0,0.0,0.0,0.0,11.8165,0.0,0.0,0.0,0.0
S121,0.0,0.0,0.0,0.0,0.0,0.0,0.0,0.0,0.0,0.0,0.0,0.00817,0.0,0.0,0.0,4.47151,0.0,0.0,0.0,0.04911,0.0,1.83285,0.0,0.059320000000000005,0.0,0.0,0.0,15.7389,0.14094,1.03033,0.0,0.0,0.18467999999999998,2.02723,0.0,0.0,0.0,0.0,1.88703,0.0,0.0,0.0,0.0,0.0,0.0,0.0,0.0,0.0,0.0,0.0,0.0,0.0,2.65923,0.0,0.0,0.0,0.2264,1.20061,0.0,0.0,2.3455800000000004,0.0,0.004370000000000001,0.0,0.0,0.0,0.0,0.0,0.01317,0.021759999999999998,0.0,10.543700000000001,0.02226,2.43802,1.3774,4.198079999999999,4.14175,1.3211899999999999,0.0,0.9121800000000001,0.22414,0.22204000000000002,0.0,0.05902,12.837819999999999,0.00908,7.405199999999999,12.4941,0.0,2.8466099999999996,0.0,0.01282,0.01183,0.0,0.0,0.0,0.0,0.0,3.3789999999999996,0.0,0.0,0.03048,0.22349000000000002,0.0,0.0,0.0,0.37340999999999996,0.0,0.24803000000000003,0.0,0.0,0.0,0.052559999999999996,0.13474,0.0,0.0,0.0,0.01959,0.0,0.0,0.0,0.0,0.0,0.0,0.0,0.0,0.0,0.0,0.0,0.0,0.0,0.56028,0.0,0.0,0.0,0.0
S126,4.16918,0.35798,0.00787,0.0,0.0,0.0,0.0,0.0,0.0,0.0,0.0,0.0,0.0,0.0,0.0,7.389060000000001,0.0,0.0,0.0,0.010159999999999999,0.0,2.20317,0.0,0.0,0.03538,0.0,0.0,7.6409400000000005,0.0,2.0030799999999997,0.0,0.013340000000000001,0.35179,1.02092,0.0,0.0,0.29621,0.0,4.666910000000001,0.0,0.0,0.0,0.0,0.0,0.0,0.0,0.0,0.0,0.0,0.0,0.0,0.0,0.0,0.0,0.0,0.0,0.0,0.58699,0.0,0.01259,0.02481,0.0,0.0,0.0,0.0,0.0,0.0,0.0,0.0,0.0,0.0,11.54328,0.01976,1.39253,0.0,2.11909,0.78674,1.75665,0.0,0.8426200000000001,0.06272,0.54834,0.0,0.1142,3.3347599999999997,0.0,17.46886,10.847999999999999,0.0,0.0,0.0,1.45971,0.00406,0.0,0.037059999999999996,0.0,0.0,0.0,8.21674,0.0,0.0,0.0,0.00484,0.0,0.0,0.0,0.0,0.05432000000000001,0.0,0.0285,0.0,0.0,0.43018,0.27616999999999997,0.0,0.0,0.0,0.01896,0.0,0.0,0.0,0.0,0.0,0.0,0.0,0.0,0.0,0.0,0.0,0.0,0.0,7.84156,0.0,0.0,0.0,0.0
S127,0.7853399999999999,0.0,0.0060799999999999995,0.0,0.0,0.0,0.0,0.0,0.0,0.0,0.0,0.0,0.0,0.0,0.0,1.82992,0.0,0.0,0.0,0.04766,0.0,0.9200200000000001,0.0,0.0,0.01968,0.0,0.0,4.03264,0.25889,0.14232,0.0,0.036610000000000004,0.25448000000000004,0.54351,0.0,0.0,1.12475,0.62707,1.2458200000000001,0.0,0.0,0.0,0.0,0.0,0.0,0.0,0.0,0.0,0.0,0.0,0.0,0.007640000000000001,0.0,0.0,0.0,0.0,0.81355,0.6683199999999999,0.0,0.0,3.2971699999999995,0.0,0.0,0.0,0.0,0.0,0.0,0.0,0.0,0.00499,0.0,3.05926,0.02913,2.2655399999999997,24.99576,4.4897,2.86013,0.42238000000000003,0.0,2.4131899999999997,0.20685,0.4501,0.0,0.06406,16.07039,0.0,11.872490000000003,12.31486,0.0,0.0,0.0,0.0,0.01234,0.0,0.12508,0.0,0.0,0.0,0.05135,0.0,0.0,0.02276,0.027449999999999995,0.0,0.0,0.0,0.0,0.0,0.006690000000000001,0.09433,0.0,0.0,0.46427,0.19355999999999998,0.0,0.0,0.0,0.0,0.0,0.0,0.0,0.0,0.0,0.0,0.0,0.0,0.0,0.0,0.0,0.0,0.0,0.82181,0.0,0.0,0.0,0.0
S137,9.11862,0.0,0.02806,0.0,0.0,0.0,0.0,0.0,0.0,0.0,0.0,0.0,0.0,0.0,0.0,1.89057,0.0,0.0,0.0,0.0,0.0,0.50877,0.0,0.0,0.0,0.0,0.0,11.500230000000002,0.08832000000000001,3.04517,0.0,0.0,0.19763,1.74397,0.0,0.0,1.8540400000000001,0.0,1.8633600000000001,0.058839999999999996,0.0,0.0,0.0,0.0,0.03897,0.0,0.0,0.0,0.0,0.0,0.0,0.0,0.0179,0.0,0.0,0.0,0.0,0.0245,0.0,0.0,0.0,0.0,0.0,0.0,0.0,0.0,0.0,0.0,0.0,0.00872,0.0,6.178640000000001,0.43961999999999996,3.12654,1.5534700000000001,4.3701799999999995,1.9595,1.09836,0.0,0.21186999999999998,0.33655999999999997,0.82301,0.0,0.15582000000000001,3.1069999999999998,0.00674,17.204189999999997,24.26439,0.0,0.5007699999999999,0.0,0.48752,0.0,0.0,0.08622,0.0,0.0,1.3409200000000001,0.13616,0.0,0.0,0.0,0.0,0.0,0.0,0.0,0.0,0.0,0.0,0.0,0.0,0.0,0.08852,0.17148,0.0,0.0,0.0,0.20272,0.0,0.0,0.0,0.0,0.0,0.0,0.0,0.0,0.0,0.0,0.0,0.0,0.0022600000000000003,0.15988,0.0,0.0,0.0,0.0
S141,0.17687999999999998,0.0,0.0,0.0,0.0,0.0,0.0,0.0,0.0,0.0,0.0,0.01096,0.0,0.0,0.0,3.4020099999999998,0.0,0.0,0.0,0.15875,0.0,1.44046,0.02843,0.23840999999999998,0.0,0.0,0.0,20.680780000000002,0.30318,0.14577,0.0,0.05114,0.21081,0.0,0.0,0.0,0.0,0.0,5.654859999999999,0.0,0.0,0.0,0.0,0.0,0.0,0.0,0.0,0.0086,0.0,0.0,0.00975,0.03296,0.01259,0.0,0.0,0.0,0.55474,2.45295,0.0,0.0,0.05149999999999999,0.0,0.005220000000000001,0.0,0.0,0.0,0.0,0.0,0.0,0.0,0.0,14.475759999999998,0.40973999999999994,3.1822300000000006,0.0,2.7568799999999998,2.35815,3.6228100000000003,0.0,2.05245,0.12122000000000001,0.03457,0.0,0.0,11.740310000000001,0.01874,13.2894,5.74127,0.0,0.0,0.0,0.01255,0.0203,0.0,0.0,0.019540000000000002,0.13414,0.0,3.16243,0.0,0.0,0.0,0.03719,0.0,0.0,0.0,0.18437,0.0,0.27863000000000004,0.0,0.0,0.0,0.45400999999999997,0.00458,0.0,0.0,0.01965,0.10217999999999999,0.0,0.0,0.0,0.0,0.0,0.0,0.0,0.0,0.00855,0.0,0.0,0.0,0.0,0.12759,0.0,0.0,0.0,0.0
S143,1.7296,0.0,0.0,0.0,0.0,0.0,0.0,0.0,0.0,0.0,0.0,0.0,0.0,0.0,0.0,5.7605900000000005,0.0,0.0,0.0,0.21743,0.0,0.47718999999999995,0.09939,0.05549,0.0,0.0,0.0,11.097309999999998,0.0,0.0,0.0,0.0,0.0,2.0851599999999997,0.0,0.0,0.0,0.0,5.70004,0.0,0.0,0.0,0.0,0.0,0.0,0.0,0.0,0.0,0.0,0.0,0.0,0.0,1.7574900000000002,0.0,0.0,0.0,1.2782799999999999,0.47871,0.0,0.0,0.07519999999999999,0.0,0.0,0.0,0.0,0.0,0.0,0.00047000000000000004,0.0,0.01523,0.0,21.87193,0.13080999999999998,2.32546,0.0009199999999999999,6.4127,1.14609,0.22891,0.0,0.82102,0.33754,0.2128,0.0,0.01047,6.1637,0.00307,10.1733,4.65518,0.0,0.0,3.92802,1.31016,0.045610000000000005,0.0,0.0,0.0,0.0,0.0,7.04548,0.0,0.0,0.0,0.0226,0.0,0.0,0.0,0.0,0.06777000000000001,0.0,0.12805,0.0,0.0,0.21403999999999998,0.0,0.0,0.0,0.0,1.15717,0.0,0.0,0.0,0.0,0.0,0.0,0.0,0.0,0.0,0.0,0.0,0.0,0.0,0.75961,0.0,0.0,0.0,0.0
S146,0.0,0.0,0.0,0.0,0.00082,0.0,0.0,0.0,0.0,0.0,0.0,0.0,0.0,0.0,0.0,3.26537,0.0,0.0,0.0,0.93809,0.0,2.18787,0.028560000000000002,0.00389,0.0,0.0,0.0,4.71461,0.12603,0.34252,0.0,0.0,0.0,0.75134,0.0,0.0,0.77446,0.0,1.32396,0.0,0.0,0.0,0.0,0.0,0.0,0.0,0.0,0.0,0.0,0.0,0.00374,0.05309,0.0,0.03567,0.0,0.0,0.0,6.04764,0.0,0.0,0.04488,0.0,0.0,0.0,0.0,0.0,0.0,0.0,0.0,0.00263,0.0,8.91377,0.0018,9.3429,0.0,2.0693200000000003,2.22065,2.0924099999999997,0.0,7.01982,0.31484,3.77748,0.00298,0.0,13.30295,0.0,11.764610000000001,3.81716,0.0,0.0,0.12322000000000001,1.0526900000000001,0.036309999999999995,0.0012699999999999999,0.35527,0.0,0.0,0.35768,0.0,0.0,0.0,0.0,0.55842,0.0,0.0,0.0,0.0,0.0,0.0,0.0,0.00659,0.0,0.10592,0.038360000000000005,0.0,0.0,0.0,11.93721,0.0,0.0,0.0,0.0,0.0,0.0,0.0,0.0,0.0,0.0,0.0,0.0,0.0,0.14122,0.0,0.0,0.0,0.0
S153,0.0,0.0,0.0,0.0,0.01135,0.0,0.0,0.0,0.01201,0.0,0.0,0.00203,0.0,0.03729,0.0,1.7714200000000002,0.0,0.0,0.0,0.24339,0.0,2.33733,0.00387,0.00218,0.020130000000000002,0.0,0.0,8.694410000000001,0.20188,0.48891999999999997,0.0,0.00055,0.01873,0.86705,0.0,0.0,0.0,0.0,4.121589999999999,0.0,0.0,0.0,0.0,0.0,0.0,0.0,0.0,0.0,0.0,0.0,0.00551,0.0,0.50642,0.0,0.01398,0.0,0.015019999999999999,0.31165,0.0009400000000000001,0.0,0.04703,0.0,0.00213,0.0,0.0,0.0,0.0,0.0,0.0,0.0,0.0,14.005429999999999,0.04854,2.95303,0.46163000000000004,16.4705,3.3511699999999998,0.94211,0.0,2.69951,0.03626,0.5127999999999999,0.0,0.02899,18.0513,0.00534,10.93683,7.4061,0.0,0.0,0.0,1.63586,0.0322,0.00231,0.040400000000000005,0.0,0.0,0.0,0.0,0.0,0.0,0.0,0.00503,0.0,0.0,0.0,0.0,0.0,0.0,0.07571,0.0,0.0,0.01987,0.29400000000000004,0.0,0.0,0.0,0.22616,0.0,0.0,0.0,0.0,0.0,0.0,0.0,0.0,0.0,0.0,0.0,0.0,0.0,0.022090000000000002,0.0,0.0,0.0,0.0
S155,0.34945000000000004,0.0,0.0,0.0,0.0,0.0,0.0,0.0,0.0,0.0,0.0,0.0,0.0,0.0,0.0,3.4413000000000005,0.0,0.0,0.0,0.1972,0.0,1.38557,0.10536,0.05243,0.0009199999999999999,0.0,0.0,10.387529999999998,0.48313999999999996,0.50722,0.0,0.01712,0.012209999999999999,1.6621899999999998,0.00133,0.0,0.0,0.0,2.74576,0.0,0.0,0.0,0.0,0.0,0.0,0.0,0.0,0.0,0.0,0.0,0.0,0.0,0.10435000000000001,0.0,0.00398,0.0,0.0,0.81782,0.0,0.0,13.6058,0.0,0.0,0.0,0.0,0.0025,0.0,0.0,0.00107,0.00225,0.0,13.20159,0.34661,3.51165,0.0,1.5137500000000002,1.3988900000000002,0.20704999999999998,0.0,0.8521000000000001,0.49888999999999994,1.14337,0.00195,0.01889,26.987990000000003,0.01213,2.7652799999999997,3.612,0.0,0.0,0.0,0.01451,0.01602,0.0,0.09591,0.0,0.0,0.0,3.0794099999999998,0.0,0.0,0.01007,0.30943,0.0,0.0,0.0,0.0,0.0,0.0,0.11377999999999999,0.0,0.0,0.38174,0.01043,0.0,0.0,0.0,0.34305,0.0,0.0,0.0,0.0,0.0,0.0,0.0,0.0,0.0,0.0,0.06977,0.0,0.0,3.59725,0.0,0.0,0.0,0.0
S158,0.17472000000000001,0.0,0.0,0.0,0.0,0.0,0.0,0.0,0.0,0.0,0.0,0.0,0.0,0.0,0.0,1.0439200000000002,0.0,0.0,0.0,0.19162,0.0,0.89807,0.0076,0.028339999999999997,0.0,0.0,0.0,21.32427,0.81123,2.3468299999999997,0.0,0.05355,0.32256999999999997,1.2918899999999998,0.00035,0.0,0.0,0.0,3.6722399999999995,0.0,0.0,0.0,0.0,0.0,0.0,0.0,0.0,0.0,0.0,0.0,0.0,0.0,0.0045,0.042730000000000004,0.0,0.0,0.006959999999999999,0.041109999999999994,0.0,0.0,6.0696200000000005,0.0,0.0,0.0,0.0,0.0,0.0,0.01765,0.0,0.0207,0.00095,22.999779999999998,0.044039999999999996,5.01994,0.00788,0.8988700000000001,1.7162000000000002,0.17881,0.0,1.96677,0.62923,0.01495,0.0,0.01491,2.73073,0.18267,8.95076,9.539690000000002,0.0,0.0,0.00543,0.0945,0.029719999999999996,0.0,0.0,0.0,0.0,0.0,4.40536,0.0,0.0,0.0,0.0,0.0,0.0,0.0,0.0,0.0,0.0,0.27151,0.0,0.0,0.49336,0.00923,0.0,0.0,0.0,0.14176,0.0,0.0,0.0,0.0,0.0,0.0,0.0,0.0,0.0,0.0,0.004370000000000001,0.0,0.0,1.2782,0.0,0.0,0.0,0.0
S187,0.79147,0.0,0.0,0.0,0.056049999999999996,0.0,0.0,0.0,0.0,0.0,0.0,0.02145,0.0,0.0,0.0,3.89161,0.0,0.0,0.0074,0.09929,0.0,2.0866,0.0012100000000000001,0.01381,0.00143,0.0,0.0,5.683590000000001,0.28075,0.96824,0.0,0.0211,0.2174,0.91481,0.0,0.0,0.97646,0.0,1.8004499999999999,0.0,0.0,0.0,0.0,0.0,0.0,0.0,0.0,0.00321,0.0,0.0,0.00172,0.02278,0.0,0.0,0.0,0.0,0.0,1.2508200000000003,0.0036899999999999997,0.0,0.80347,0.0,0.00456,0.0,0.0,0.0,0.0,1.2844799999999998,0.0,0.032889999999999996,0.0,19.56092,0.0185,1.10121,6.53711,4.91526,0.9293100000000001,0.86296,0.0,1.41656,0.33983,0.46175,0.0,0.16723,17.12136,0.03485,4.13368,12.111209999999998,0.0,0.0,0.0,0.00505,0.0588,0.0,0.0,0.06692999999999999,0.36479,0.0,4.2669999999999995,0.0,0.0,0.04772,0.10583999999999999,0.0,0.0,0.0,0.00575,0.01939,0.01565,0.27534000000000003,0.0,0.0,0.07518,0.10569,0.0,0.0,0.0,0.013219999999999999,0.0,0.0,0.0,0.0,0.0,0.0,0.0,0.0,0.0707,0.0,0.0,0.0,0.0,3.5504800000000003,0.0,0.0,0.0,0.0
S193,3.91875,0.0,0.00624,0.0,0.0,0.0,0.0,0.0,0.0,0.0,0.0,0.0,0.0,0.0,0.0,3.77699,0.0,0.0,0.0,0.0333,0.0,1.92675,0.0,0.0,0.0,0.0,0.0,9.255090000000001,1.8378299999999999,4.68604,0.0,0.06395,0.8414799999999999,2.47381,0.0,0.0,1.50119,0.0,9.671959999999999,0.0,0.0,0.0,0.0,0.0,0.01734,0.0,0.0,0.0,0.0,0.0,0.0,0.007809999999999999,0.058879999999999995,0.0,0.0,0.0,0.009890000000000001,0.34049,0.0,0.0,0.07635,0.0,0.0,0.0,0.0,0.0,0.0,0.0,0.0,0.00963,0.0,5.9594499999999995,0.11963,0.8816999999999999,1.6363,2.9841300000000004,0.48019999999999996,1.19672,0.0,1.0011199999999998,0.22801999999999997,1.37318,0.0,0.01782,5.0921199999999995,0.001,0.38006999999999996,26.381980000000002,0.0,0.56976,0.0,0.0,0.06551,0.0,0.5237799999999999,0.0,0.0,0.0,8.7072,0.0,0.0,0.07014,0.01751,0.0,0.0,0.0,0.06945,0.08106000000000001,0.30318,0.0,0.0,0.0,0.66498,0.00604,0.0,0.0,0.0,0.007520000000000001,0.0,0.0,0.0,0.0,0.0,0.0,0.0,0.0,0.007670000000000001,0.0,0.0,0.0,0.0,0.6572100000000001,0.0,0.0,0.0017699999999999999,0.0
S194,0.0,0.0,0.0,0.0,0.00886,0.0,0.0,0.0,0.0,0.0,0.0,0.00026000000000000003,0.0,0.0,0.0,0.0,0.0,0.0,0.0,0.06569,0.0,0.37755,0.00451,0.0,0.00176,0.0,0.0,7.224409999999999,0.0,1.7644099999999998,0.0,0.0,0.35124,1.63109,0.0,0.0,0.0,0.0,4.14187,0.0,0.0,0.0,0.0,0.0,0.0,0.0,0.0,0.0,0.0,0.0,0.0,0.0,0.0,0.0,0.00831,0.0,0.0,0.18675999999999998,0.0,0.0,0.013380000000000001,0.0,0.0,0.0,0.0,0.0,0.0,1.62673,0.0,0.00124,0.0,2.08272,0.00799,1.4800099999999998,20.382379999999998,0.8087599999999999,0.69295,0.40076,0.0,2.48482,0.21159,0.0192,0.0,0.07057000000000001,5.90369,0.00063,4.34808,4.19596,0.0,0.0,0.0,0.12706,0.02194,0.0,0.00554,0.0,0.0,0.0,0.0,0.0,0.0,0.007409999999999999,0.0,0.0,0.0,0.0,0.0,0.00825,0.00946,0.4105,0.0,0.0,0.34004,0.013919999999999998,0.0,0.0,0.0,36.78259,0.0,0.0,0.24994,0.0,0.0,0.0,0.0,0.0,0.0,0.30178,1.11304,0.0,0.0,0.11034000000000001,0.0,0.0,0.0,0.0
S195,0.0,0.0,0.0,0.00643,0.00656,0.0,0.0,0.0,0.0605,0.0,0.0,0.0,0.0,0.07701000000000001,0.0,1.6339299999999999,0.0,0.0,0.0,0.7490899999999999,0.0,0.0,0.41322,0.0926,0.0,0.0,0.0,0.64185,0.0,0.0,0.0,0.0,0.0,0.0,0.0,0.0,0.0,0.0,5.72314,0.0,0.0,0.0,0.0,0.0,0.0,0.0,0.0,0.0,0.0,0.0,0.0,0.0,0.19593,0.0,0.0,0.0,0.30346999999999996,0.7883199999999999,0.0,0.0,1.1413599999999997,0.0,0.0,0.0,0.0,0.0,0.0,0.004079999999999999,0.0,0.00705,0.02854,44.672529999999995,0.48688000000000003,3.53623,0.0,2.51243,1.85428,0.9536100000000001,0.04886,2.28639,0.11080999999999999,1.40733,0.0,0.02643,8.588330000000001,0.00907,8.52114,2.6160900000000002,0.0,0.0,0.0024100000000000002,1.05335,0.04437,0.00464,0.0019,0.0,0.0,0.0,5.13689,0.0,0.0,0.05656,0.01823,0.0,0.0,0.0,0.00309,0.0,0.00324,0.0,0.0,0.0,0.0,0.03721,0.0,0.0,0.0,0.0,0.0,0.0,0.0,0.0,0.0,0.0,0.0,0.0,0.0,0.0,0.0,0.0,0.0,4.13468,0.0,0.0,0.0,0.0
S198,1.8294400000000002,0.0,0.0,0.0,0.00369,0.0,0.0,0.0,0.01384,0.0,0.0,0.0,0.0,0.045989999999999996,0.0,4.65036,0.0,0.0,0.00758,0.12532000000000001,0.0,0.9421299999999999,0.0,0.0,0.0,0.0,0.0,3.29269,0.0,0.0,0.0,0.0,0.12499,0.7634099999999999,0.0,0.0,0.0,0.0,4.956449999999999,0.0,0.0,0.0,0.0,0.0,0.0,0.0,0.0,0.0,0.0,0.0,0.0,0.0,0.24092999999999998,0.0,0.037610000000000005,0.0201,0.03235,0.49628,0.0,0.0,0.11173,0.0,0.00255,0.0,0.0,0.0,0.0,0.0,0.0,0.01245,0.0,16.784529999999997,0.09025,1.65429,0.0,8.67836,2.32555,0.30688,0.0,1.29688,0.19337000000000001,0.9455000000000001,0.0,0.33476999999999996,26.03765,0.00365,13.550229999999999,5.3906600000000005,0.0,0.0,0.0,0.0060799999999999995,0.0037800000000000004,0.0,0.1123,0.0,0.0,0.0,2.9426900000000002,0.0,0.0,0.008620000000000001,0.26854,0.0,0.0,0.0,0.0,0.0,0.0,0.0,0.0,0.0,0.0,0.0,0.0,0.0,0.14625,0.62661,0.0049700000000000005,0.0,0.0,0.00271,0.0,0.0,0.0,0.0,0.0,0.0,0.0,0.0,0.0,0.57493,0.0,0.0,0.0,0.0
S205,0.0,0.0,0.0,0.0,0.01193,0.0,0.0,0.0,0.0,0.0,0.0,0.0047799999999999995,0.0,0.0,0.0,0.0,0.0,0.0,0.0,0.1201,0.0,0.0,0.07468,0.02561,0.0,0.0,0.0,35.520739999999996,0.0,0.0,0.0,0.0,0.0,0.0,0.0,0.0,0.0,0.0,3.63537,0.0,0.0,0.0,0.0,0.0,0.0,0.0,0.0,0.00639,0.0,0.0,0.01325,0.0,0.0,0.0,0.0,0.0,0.0,0.27098,0.0,0.0,0.70496,0.0,0.00628,0.0,0.0,0.0,0.0,0.0017699999999999999,0.0,0.0,0.0,5.787999999999999,0.09401999999999999,3.41994,0.0,0.43151999999999996,1.44705,0.9000599999999999,0.0,3.04727,0.06903,0.0,0.0,0.0,0.52366,0.0,17.36609,2.207,0.0,0.0,0.12345999999999999,3.40973,0.00755,0.00974,0.0,0.0,0.0,0.0,3.91952,0.0,0.0,0.0,0.05023,0.0,0.0,0.0,0.0,0.00288,0.00206,0.03753,0.0,0.0,1.4648400000000001,0.0193,0.0,0.0,0.0,4.06326,0.0,0.0,0.0,0.0,0.0,0.0,0.0,0.0,0.0,0.0,0.0,0.0,0.0,11.19943,0.0,0.0,0.0,0.0
S224,3.3017800000000004,0.0,0.0,0.0,0.0,0.0,0.0,0.0,0.0,0.0,0.0,0.0,0.0,0.0,0.0,0.38259,0.0,0.0,0.0,0.03469,0.0,0.10128999999999999,0.0,0.0,0.010209999999999999,0.0,0.0,14.882679999999999,0.18288,3.99082,0.0,0.03537,0.51167,0.62996,0.0,0.0,1.82263,0.0,5.56295,0.0,0.0,0.0,0.0,0.0,0.0,0.0,0.0,0.0,0.0,0.0,0.0,0.0,0.0,0.0,0.0,0.0,0.0,0.8608200000000001,0.0,0.00198,3.44114,0.0,0.0,0.0,0.0,0.0,0.0,0.0,0.0,0.0,0.0,10.39634,0.10071000000000001,1.17469,6.517580000000001,0.64132,1.78379,0.84591,0.0,2.2871099999999998,0.09725,1.14376,0.0,0.0,2.39417,0.0,7.20785,18.19813,0.0,0.0,0.04194,0.00126,0.033639999999999996,0.0,0.20025,0.0,0.0,0.0,1.56094,0.0,0.0,0.06677000000000001,0.14717000000000002,0.0,0.0,0.0,0.0,0.06538,0.0,0.0,0.013630000000000001,0.0,0.026699999999999998,0.12450999999999998,0.0,0.0,0.08422,9.008469999999999,0.00896,0.0,0.0,0.0,0.0,0.03486,0.0,0.0,0.02069,0.0,0.0,0.0,0.0,0.01769,0.0,0.0,0.0008900000000000001,0.0
S225,0.0,0.0,0.0,0.0,0.0,0.0,0.0,0.0,0.0,0.0,0.0,0.0,0.0,0.0,0.0,3.7658,0.0,0.0,0.0,0.06496,0.0,0.77179,0.0,0.00446,0.0,0.0,0.0,11.89685,1.08297,1.1825,0.0,0.032060000000000005,0.31687,1.03203,0.0,0.0,1.02585,0.0,3.1434,0.0,0.0,0.0,0.0031,0.0,0.0,0.0,0.0,0.0,0.0,0.0,0.0,0.0,0.0,0.0,0.0,0.0,0.0,0.6137400000000001,0.0,0.0,13.457699999999999,0.0,0.00599,0.0,0.0,0.0,0.0,0.0,0.0,0.00221,0.0,12.7065,0.14401,5.33632,0.020130000000000002,2.67204,2.41824,0.22472999999999999,0.0,1.17547,0.35125,0.006529999999999999,0.0,0.14151000000000002,20.28572,0.02384,3.7947499999999996,4.90145,0.0,0.0,0.0,0.02887,0.01326,0.0,0.0,0.0,0.0,0.0,0.0,0.0,0.0,0.03901,0.00489,0.0,0.0,0.0,0.00359,0.0,0.00149,0.16785999999999998,0.0,0.0,0.02384,0.0185,0.0,0.0,0.0,0.050159999999999996,0.0,0.0,0.0,0.0,0.0,0.02182,0.0,0.0,0.0,0.0,0.04504999999999999,0.0,0.0,6.976839999999999,0.0,0.0,0.0,0.0
S231,13.20057,1.5903100000000001,0.00836,0.0,0.01684,0.0,0.0,0.0,0.0,0.0,0.0,0.0,0.0,0.0,0.0,0.15488000000000002,0.0,0.0,0.0,0.39416999999999996,0.0,1.76469,0.02271,0.00945,0.0,0.0,0.0,1.99375,0.0517,0.08031,0.0,0.0,0.62161,0.28445,0.0,0.0,0.0,0.0,1.00318,0.0,0.0,0.0,0.0,0.0,0.0,0.0,0.0,0.0,0.0,0.0,0.0,0.64431,0.0,0.0,0.02211,0.0,0.0,0.0,0.0,0.0,0.22102999999999998,0.0,0.0,0.0,0.0,0.0,0.0,0.0,0.0,0.0,0.005229999999999999,7.211850000000001,0.14587,7.61595,0.0,1.44559,1.11169,1.23574,0.007390000000000001,0.45481,0.0703,0.030639999999999997,0.0,0.23413,1.3413,0.0,1.13742,23.98417,0.0,0.0,0.004079999999999999,1.10632,0.05449,0.0,0.0,0.0,0.0,0.12719,0.0036899999999999997,0.0,0.0,0.01565,0.0159,0.0,0.0,0.0,0.0,0.0,0.0,0.0,0.0,0.0,0.01012,0.20232,0.0,0.0,0.0,27.71276,0.0,0.0,0.06514,0.21506,0.0,0.0,0.0,0.0,0.0,0.0,0.0,0.0,0.0,2.3507700000000002,0.0,0.0,0.0,0.0
S235,0.0,0.0,0.0,0.0,0.0,0.02435,0.0,0.0,0.0,0.0,0.0,0.00698,0.0,0.0,0.033819999999999996,18.447349999999997,0.0,0.0,0.0,0.46075,0.0,1.32161,0.0017100000000000001,0.02178,0.027719999999999998,0.0,0.0,2.55075,0.0266,0.46874,0.0,0.0,0.0,0.8206899999999999,0.0,0.0,0.0,0.0,1.0967799999999999,0.0,0.0,0.0,0.0,0.0,0.0,0.0,0.0,0.0,0.0,0.0,0.0,0.4256,0.0,0.0,0.0,0.0,0.0,5.10212,0.0,0.0,3.6359500000000002,0.0,0.0,0.0,0.0,0.0,0.0,0.0,0.012969999999999999,0.0,0.0,6.00047,0.08158,4.95962,0.0,2.18683,1.91498,0.21429,0.0,0.03935,0.27738,0.0,0.0,0.09813,9.74741,0.0,15.16721,3.27306,0.0,0.0,0.0,2.4237,0.017669999999999998,0.0,0.0358,0.20859,2.03248,0.0,7.728089999999999,0.0,0.0,0.0,0.06225,0.0,0.0,0.0,0.0,0.0,0.0,0.0,0.0,0.0,0.0,0.0,0.0,0.0,0.0,1.23471,0.01658,0.0,0.0,0.0,0.0,0.0,0.0,0.0,0.0,0.0,0.0,0.0,0.0,7.79355,0.0,0.0,0.0,0.0
S244,0.0,0.0,0.0,0.0,0.0,0.0,0.0,0.0,0.0,0.02081,0.0,0.0,0.0,0.0,0.0,2.69995,0.0,0.0,0.0050799999999999994,0.04175,0.0,1.9145400000000001,0.04419,0.056510000000000005,0.0,0.0,0.0,5.449199999999999,0.0,0.0,0.0,0.0,0.0,0.0,0.0,0.0,0.0,0.0,2.1220299999999996,0.0,0.0,0.0,0.0,0.0,0.0,0.0,0.0,0.0,0.0,0.0,0.0,0.0,0.0,0.0,0.0055899999999999995,0.0,0.0026899999999999997,0.62791,0.0,0.022119999999999997,0.58653,0.0,0.00263,0.0,0.0,0.0,0.0,0.04058,0.00618,0.0,0.0,30.685360000000003,0.01662,3.2321499999999994,0.00927,1.30115,3.07513,0.37139,0.0,5.54476,0.0794,0.16958,0.0,0.0,3.9196699999999995,0.01965,10.547120000000001,0.81429,0.0,0.0,0.46541000000000005,0.060700000000000004,0.09408,0.0,0.0,0.0,0.0,0.0,4.0935,0.0,0.0,0.0,0.015349999999999999,0.0,0.0,0.0,0.07987999999999999,0.0,0.06501,0.0,0.0,0.0,0.0,0.0,0.0,0.0,0.0,21.29772,0.0,0.0,0.024730000000000002,0.0,0.0,0.35895,0.0,0.0,0.0,0.0,0.0,0.0,0.0,0.01084,0.0,0.0,0.0,0.0
S248,0.0,0.0,0.0,0.0,0.0,0.0,0.0,0.0,0.0,0.0,0.0,0.1529,0.0,0.0,0.0493,9.66929,0.0,0.0,0.00411,0.01567,0.0,1.22841,0.01287,0.0,0.00648,0.0,0.0,9.417859999999997,0.09015,0.33054,0.0,0.0,0.0638,0.78491,0.0,0.0,0.0,3.1924799999999998,1.05531,0.0,0.0,0.0,0.0,0.0,0.0,0.0,0.0,0.0,0.0,0.0,0.0,1.37447,0.15263999999999997,0.00271,0.0,0.0,0.0476,5.550490000000001,0.0,0.0,3.0013799999999997,0.0,0.0,0.0,0.0,0.0,0.0,0.0,0.00671,0.0,0.0,14.908890000000001,0.02888,1.1894,0.0,2.5990100000000003,4.97217,2.13975,0.0,1.13825,0.04002,0.06078,0.0,0.0159,5.5296400000000006,0.5579999999999999,5.17895,11.427880000000002,0.0,1.21644,0.00036,4.3332500000000005,0.00716,0.00156,0.0,0.0,0.0,0.0,0.13943,0.006370000000000001,1.9774100000000003,0.0,0.08057,0.0,0.0,0.0,0.0,0.0,0.0,0.03778,0.026269999999999998,0.0,0.0,0.08717,0.0,0.0,0.0,3.5974,0.02418,0.0,0.0,0.0,0.0,0.0,0.0,0.0,0.0,0.0,0.0,0.0,0.0,2.46705,0.0,0.0,0.0,0.0
S258,0.0069900000000000006,0.0,0.0,0.0,0.0,0.0,0.0,0.0,0.0,0.0,0.0,0.0,0.0,0.0,0.0,2.9529,0.0,0.0,0.00041,0.06642,0.0,1.14725,0.053759999999999995,0.049710000000000004,0.0,0.63085,0.0,5.35576,0.0,0.0,0.0,0.0,0.0,0.0,0.0,0.0,0.0,0.0,0.7557,0.0,0.0,0.0,0.0,0.0,0.0,0.0,0.0,0.0,0.0,0.0,0.0,0.0,0.0015199999999999999,0.0,0.0,0.0,0.0,0.04793,0.0,0.0,0.14625999999999997,0.0,0.00346,0.0,0.0,0.0,0.0,0.0,0.00722,0.0,0.0,20.52908,0.10189,5.406970000000001,0.0,2.45447,1.50955,5.50326,0.0,2.46842,0.35236,0.0,0.0,0.05936,6.03425,0.0,32.127219999999994,4.3052,0.0,0.0,0.0,0.020730000000000002,0.09813999999999999,0.01028,0.0,0.0,0.0,0.0,5.06228,0.0,0.0,0.0,0.0,0.0,0.0,0.0,0.0,0.0,0.0,0.0,0.0,0.0,0.14524,0.0,0.0,0.0,0.0,1.0190299999999999,0.0,0.45573,0.0,0.0,0.0,0.0,0.0,0.0,0.0,0.0,0.0,0.0,0.0,1.11038,0.0,0.0,0.0,0.0
S263,18.38305,0.0,0.0,0.0,0.0134,0.0,0.0,0.0,0.0,0.0,0.0,0.0,0.0,0.0,0.0,1.1084200000000002,0.0,0.0,0.0,0.54473,0.00566,0.94932,0.30863,0.08838,0.0,0.0,0.0,2.3774100000000002,0.38015,0.98,0.0,0.0,2.04359,0.46494,0.0,0.0,0.00209,0.0,2.12652,0.0,0.0,0.0,0.0,0.0,0.0,0.0,0.0,0.0,0.0,0.0,0.0,0.0,1.00716,0.0,0.0,0.0,0.0,0.08861999999999999,0.0,0.0,1.62554,0.0,0.012320000000000001,0.0,0.0,0.0,0.0,0.0448,0.0,0.00235,0.0,2.43633,3.0127200000000003,3.55401,0.0,1.94937,1.31303,4.17086,0.0,0.32192,0.17670999999999998,0.0,0.0,0.5537400000000001,1.86202,0.15882000000000002,21.22628,13.728679999999999,0.0,0.0,0.0,0.12035000000000001,0.02762,0.0177,0.0,0.0,0.0,0.14908,0.0,0.0,0.0,0.0,0.0,0.0,0.0,0.0,0.0,0.0,0.0,0.0,0.0,0.0,0.0,0.0,0.0,0.0,0.0,0.0,0.0,0.0,0.0,0.0,0.0,0.0,0.0,0.0,0.0,0.0,0.0,0.0,0.0022,12.6615,0.0,0.0,0.0,0.0
S264,3.7141900000000003,0.0,0.0,0.0,0.0,0.0,0.0,0.0,0.0,0.0,0.0,0.0,0.0,0.0,0.0,3.4913600000000002,0.0,0.0,0.0,0.14604,0.0,2.18439,0.0,0.0,0.0,0.0,0.0,8.43464,1.28449,1.86801,0.0,0.0,0.6574599999999999,1.1674200000000001,0.0,0.0,0.0,0.0,5.13617,0.0,0.0,0.0,0.0,0.0,0.0,0.0,0.0,0.0,0.0,0.0,0.0,0.0,0.08207,0.0,0.0,0.0,0.0,0.026709999999999998,0.0,0.0,2.29723,0.0,0.0,0.0,0.0,0.0,0.0,0.0,0.0,0.038130000000000004,0.0,18.8599,0.06687,1.82282,0.02291,1.9393099999999999,2.60642,0.28326,0.0,1.02135,0.20094,0.94183,0.0,0.15539,7.34968,0.02301,10.73755,9.8665,0.0,1.7462099999999998,0.0,0.0,0.01712,0.0,0.0,0.0,0.0,0.0,5.7875,0.0,0.0,0.0,0.0,0.0,0.0,0.0,0.00162,0.0,0.01763,0.15595,0.0,0.0,0.0,0.0,0.0,0.0,0.0,0.08493,0.0,0.0,0.0,0.0,0.0,0.0,0.0,0.0,0.07754,0.0,0.0,0.0,0.0,5.68543,0.0,0.0,0.0,0.0
S268,0.0,0.0,0.0,0.0,0.0,0.0,0.0,0.0,0.0,0.0,0.0,0.0,0.0,0.0,0.0,6.909800000000001,0.0,0.0,0.0,0.29255,0.0,2.17468,0.016980000000000002,0.0,0.0,0.0,0.0,2.50037,0.0,0.46329,0.0,0.0,0.0,0.22260999999999997,0.0,0.00805,0.0,0.01618,0.64103,0.0,0.0,0.0,0.0,0.0,0.0,0.0,0.0,0.0,0.0176,0.0,0.0,0.0,0.0,0.0,0.0,0.0,0.0,0.5430099999999999,0.0,0.0,4.0820300000000005,0.0,0.0,0.0006,0.0,0.0,0.0,0.0,0.0,0.00987,0.0,24.35671,0.59332,2.92795,0.0,5.2823,3.21151,0.61546,0.0,17.56706,0.18023,0.24406000000000003,0.0,0.02683,17.042270000000002,0.07267,5.66436,2.96241,0.0,0.0,0.0,0.01372,0.037880000000000004,0.0,0.11649999999999999,0.0,0.0,0.0,0.9495399999999999,0.0,0.0,0.0,0.06476,0.0,0.0,0.0,0.0,0.0,0.0,0.0,0.06774,0.0,0.0,0.0,0.0,0.0,0.0,0.08907,0.0,0.0,0.0,0.0,0.0,0.0,0.0,0.0,0.0,0.0,0.0,0.0,0.0,0.015,0.0,0.0,0.0,0.0
S269,0.0,0.0,0.0,0.0,0.03117,0.0,0.0,0.0,0.0,0.0,0.0,0.01789,0.0,0.0,0.0,1.2302300000000002,0.0,0.0,0.0,1.20136,0.0,0.0,0.43144,0.19169,0.0,0.0,0.0,3.0025299999999997,0.0,0.0,0.0,0.0,0.0,0.24905000000000002,0.0,0.0,0.0,0.0,3.35656,0.0,0.0,0.0,0.0,0.0,0.0,0.0,0.0,0.0,0.0,0.0,0.0,0.0,0.0,0.007209999999999999,0.02248,0.0,0.20056,1.42211,0.0,0.0,0.09477,0.0,0.0,0.0,0.0,0.0,0.0,0.0,0.0,0.00943,0.04265,16.44925,0.01702,6.122249999999999,0.0,2.10898,3.91894,1.27434,0.0,3.0377500000000004,0.24411,0.31948000000000004,0.0,0.07541,4.40824,0.04344,21.726639999999996,5.3783,0.0,0.0,0.05993,0.12476,0.04718,0.0,0.0,0.0,0.0,0.0,8.26788,0.0,0.0,0.03053,0.1106,0.0,0.0,0.0,0.0,0.0,0.0,0.01803,0.0,0.0,0.14031000000000002,0.0,0.0,0.0,0.0,0.17182,0.0,0.0,0.0,0.0,0.0,0.0,0.0,0.0,0.0,0.0,0.0,0.0,0.0,14.39369,0.0,0.0,0.0,0.0
S286,0.62543,0.0,0.0,0.02111,0.0,0.0,0.0,0.0,0.0,0.0,0.0,0.01699,0.0,0.0,0.0,8.0692,0.0,0.0,0.0,0.09523,0.0,1.2636100000000001,0.00571,0.0,0.0,0.0,0.0,19.00453,0.27302,0.43948000000000004,0.0,0.03638,0.0,1.9650000000000003,0.0,0.0,0.01696,0.0,2.43241,0.0,0.0,0.0,0.0,0.0,0.0,0.0,0.0,0.0,0.0,0.0,0.0,0.0,0.11102000000000001,0.0,0.0,0.0,0.0,0.65995,0.0,0.0,0.042499999999999996,0.0,0.0,0.0,0.0,0.0,0.0,0.0,0.0,0.03628,0.0,6.549550000000001,0.09643,2.24353,0.03436,2.21658,1.24326,1.0072999999999999,0.0,0.85071,0.2447,0.0,0.0,0.04369,16.213260000000002,0.00394,9.603609999999998,16.00548,0.0,0.00797,0.0,0.07388,0.0,0.0,0.0,0.0,0.0,0.0,4.08782,0.0,0.0,0.0,0.0,0.0,0.0,0.0,0.05012,0.0,0.01517,0.0,0.01018,0.05488,0.030650000000000004,0.02143,0.0,0.0,0.0,0.34085,0.0,0.0,0.0,0.0,0.0,0.0,0.0,0.0,0.0,0.0,0.0,0.0,0.0,3.8358199999999996,0.0,0.0,0.0,0.0
S288,0.0,0.0,0.0,0.0,0.06918,0.0,0.0,0.0,0.0,0.0,0.0,0.0,0.0,0.0,0.0,0.00881,0.0,0.0,0.0,0.43913,0.0,1.48539,0.1194,0.08111,0.0,0.0,0.0,11.447860000000002,0.11558,0.33746,0.0,0.03035,0.0,0.5466,0.0,0.0,0.39734,0.0,15.945880000000002,0.0,0.0,0.0,0.0,0.0,0.0,0.0,0.0,0.0,0.0,0.0,0.0,0.0,0.0046700000000000005,0.0,0.0,0.0,0.00925,0.01439,0.0,0.009590000000000001,0.54296,0.0,0.0,0.0,0.0,0.0,0.0,0.02207,0.2131,0.04969,0.0,22.076159999999998,0.01728,5.139480000000001,0.0,1.97855,0.78091,1.25331,0.0,3.85589,3.4750900000000002,0.08607000000000001,0.0,0.02181,2.39752,1.54884,8.28318,4.4841,0.0,0.0,0.0,1.52026,0.06115,0.0,0.0,0.0,0.0,0.0,0.0,0.0,0.0,0.0,0.00974,0.0,0.0,0.0,0.0,0.0,0.0,0.0,0.0,0.0,0.05722000000000001,0.36974,0.0,0.0,0.0,0.66957,0.0,0.0,0.0,0.0,0.0,0.0,0.0,0.0,0.0,0.0,0.0,0.0,0.0,10.00966,0.0,0.0,0.009040000000000001,0.00562
S297,0.39316,0.0,0.0,0.0,0.0,0.0,0.0,0.0,0.0,0.0,0.0,0.0,0.0,0.0,0.0,9.27079,0.0,0.0,0.0,0.05114,0.0,1.33896,0.01348,0.0,0.0,0.0,0.0,6.32893,0.37296999999999997,0.37464000000000003,0.0,0.00187,0.0,0.9765199999999999,0.0,0.0,0.05562,0.0,1.62995,0.0,0.0,0.0,0.0,0.0,0.0,0.0,0.0,0.0,0.0,0.0,0.0,0.0,1.9110299999999998,0.0,0.0,0.0,0.0,0.94433,0.0,0.0,0.03861,0.0,0.0,0.0,0.0,0.0,0.0,0.0,0.0,0.0,0.0,7.264620000000001,1.25421,4.25027,0.08602,9.09066,4.37291,1.6116099999999998,0.0,2.44127,0.2978,0.0,0.0,0.15349000000000002,19.25404,0.0,2.6002,16.75112,0.0,0.0,0.0,0.0842,0.0,0.0,0.0,0.0,0.0,0.0,5.31841,0.0,0.0,0.05262000000000001,0.0020399999999999997,0.0,0.0,0.0,0.0,0.0,0.0,0.2343,0.0,0.0,0.18598,0.0,0.0,0.0,0.0,0.30448,0.0,0.0,0.0,0.0,0.0,0.0,0.0,0.0,0.0,0.0,0.0,0.0,0.0,0.68774,0.0,0.0,0.0,0.0
S334,0.0,0.0,0.0,0.0,0.01849,0.0,0.0,0.0,0.0,0.0,0.0,0.0,0.0,0.01024,0.00312,13.147829999999999,0.0,0.0,0.0,0.17757,0.00533,3.02252,0.09435,0.0063100000000000005,0.00589,0.0,0.0,0.47713999999999995,0.0,0.0,0.0,0.006370000000000001,0.0,0.01845,0.0,0.0,0.0,0.0,0.30312,0.0,0.0,0.0,0.0,0.0,0.0,0.0,0.0,0.0,0.0,0.0,0.0,0.0,0.0,0.0,0.0,0.0,0.0,0.3501,0.0,0.0,0.22413000000000002,0.0,0.00349,0.0,0.0,0.0,0.0,0.0,0.0,0.0,0.0,26.84136,0.17008,3.03326,0.0,4.70633,4.51997,2.1587099999999997,0.0,0.42260000000000003,0.0559,0.41038,0.0,0.023129999999999998,1.21536,0.0,23.923330000000004,13.38312,0.0,0.0,0.0,0.06326999999999999,0.03387,0.00584,0.0,0.0,0.0,0.0,0.35902,0.0,0.0,0.0,0.0,0.0,0.0,0.0,0.0,0.0,0.0,0.0,0.0,0.0,0.0158,0.0,0.0,0.0,0.0,0.06343,0.0,0.0,0.0,0.0,0.0,0.0,0.0,0.0,0.0,0.0,0.0,0.0,0.0,0.69633,0.0,0.0,0.007640000000000001,0.0168
S344,0.0,0.0,0.0,0.0,0.02304,0.0,0.0,0.0,0.0,0.0,0.0,0.0,0.0,0.0,0.0,1.18625,0.0,0.0,0.0,0.0,0.0,1.5297,0.42232000000000003,0.17601,0.0,0.0,0.0,18.61762,0.0,3.24478,0.0,0.0,0.25941,1.64652,0.0,0.0,1.6673699999999998,0.0,1.55065,0.0,0.0,0.0,0.0,0.0,0.0,0.0,0.0,0.021830000000000002,0.0,0.0,0.01188,0.0,0.00759,0.0,0.0,0.0,0.0,0.9121199999999999,0.0,0.0,0.85652,0.0,0.00455,0.0,0.0,0.0,0.0,0.01709,0.13709000000000002,0.0,0.0,12.88742,0.43768999999999997,5.4538,0.0,1.1955,3.40827,1.4451399999999999,0.0,0.87692,0.94395,0.0447,0.0,0.050910000000000004,3.48434,0.00203,24.485059999999997,7.052510000000001,0.0,0.0,0.10904000000000001,0.0425,0.14784,0.0,0.0,0.0,0.0,0.0,4.92274,0.0,0.0,0.0,0.03838,0.0,0.0,0.0,0.0,0.0,0.0,0.22057,0.0,0.0,0.28630999999999995,0.0,0.0,0.0,0.0,0.030350000000000002,0.0,0.0,0.0,0.0,0.0,0.0,0.0,0.0,0.0,0.0,0.0,0.0,0.0,0.14167000000000002,0.0,0.0,0.0,0.0
S353,0.0,0.0,0.0,0.0,0.0,0.0,0.0,0.0,0.0,0.0,0.0,0.00564,0.0,0.0,0.0,2.37129,0.0,0.0,0.0,0.04059,0.0,0.35656,0.0,0.0,0.0,0.0,0.0,2.9502599999999997,0.20935,0.04674,0.0,0.0,0.0,0.18423,0.0,0.0,0.32302,0.0,1.40937,0.0,0.0,0.0,0.0049299999999999995,0.0,0.0,0.0,0.0,0.0037,0.0,0.0,0.0,0.0,0.0,0.0,0.0,0.0,0.0,0.21258,0.0,0.0,0.01066,0.0,0.01684,0.0,0.0,0.0,0.0,0.0,0.0,0.0,0.0,29.313160000000003,0.08016000000000001,3.2937200000000004,0.0,7.793889999999999,4.93968,0.88194,0.0,4.36922,0.01704,4.71119,0.0,0.11172,7.64175,0.0,8.75451,8.06259,0.0,0.0,0.0,2.69834,0.03594,0.0,0.0022900000000000004,0.0,0.0,0.0,6.45678,1.23268,0.0,0.0,0.49274999999999997,0.0,0.0,0.0,0.0,0.015319999999999999,0.0,0.0,0.0,0.0,0.02187,0.0,0.0,0.0,0.0,0.0,0.0,0.0,0.0,0.0,0.0,0.0,0.0,0.0,0.67469,0.0,0.0,0.0,0.0,0.2242,0.0,0.0,0.010740000000000001,0.018119999999999997
S365,7.11105,1.00065,0.0,0.0,0.005549999999999999,0.0,0.0,0.0,0.019209999999999998,0.0,0.01568,0.0,0.0,0.0,0.0,0.6890300000000001,0.0,0.0,0.0,0.05471,0.0,0.30430999999999997,0.00274,0.0157,0.0,0.0,0.0,8.52357,0.24988000000000002,0.18073,0.0,0.03283,0.56339,0.64787,0.0,0.0,0.0,0.00296,1.9077499999999998,0.0,0.0,0.0,0.0,0.0,0.008879999999999999,0.0,0.0,0.0,0.0,0.0,0.0,0.61926,0.24375,0.0,0.0,0.0,0.0,2.8457299999999996,0.0,0.00963,0.8544900000000001,0.0,0.00346,0.0,0.0,0.0,0.0,0.0,0.0,0.00264,0.0,2.16482,0.056960000000000004,1.8384399999999999,0.13276,0.53648,0.16193999999999997,0.45657000000000003,0.0,0.15914999999999999,0.028069999999999998,0.7734099999999999,0.0,0.05069,0.85515,0.0,3.6386999999999996,16.658959999999997,0.0,0.0,0.00448,0.2587,0.01017,0.007090000000000001,0.65931,0.0,0.0,0.0,4.9282,0.0,0.0,0.0,0.029880000000000004,0.0,0.0,0.0,0.0,0.06519,0.0,0.0,0.0,0.0,0.17962,0.0029,0.0,0.27018,0.0,31.3385,0.0,0.0,0.09965,0.0,0.0,0.0,0.0,0.0,0.026789999999999998,0.09804,0.0,0.0,0.0,8.589269999999999,0.0,0.0,0.00447,0.0
S370,0.0,0.0,0.0,0.0,0.00312,0.0,0.0,0.0,0.0,0.0,0.0,0.2094,0.0,0.0,0.0,1.77718,0.0,0.0,0.0,0.0,0.0,0.51322,0.0409,0.037939999999999995,0.0,0.0,0.0,7.63447,0.51932,1.8319299999999998,0.0,0.0,0.0,0.6745399999999999,0.0,0.0,0.0,0.0,7.95232,0.0,0.0,0.0,0.0,0.0,0.0,0.0,0.0,0.0,0.0,0.0,0.0,0.0,0.0,0.0,0.0,0.0,0.0,4.74526,0.0142,0.01651,0.10478000000000001,0.0,0.0,0.0,0.0,0.0,0.0,0.00607,0.0016300000000000002,0.005,0.0,8.97043,0.01646,2.69048,0.0,29.370359999999994,0.37262,0.08699,0.0,0.5036400000000001,0.48689,0.00386,0.0,0.22999999999999998,6.261830000000001,0.0,8.58348,13.856119999999999,0.0,0.0,0.0,0.06107,0.15072000000000002,0.0,0.0,0.0,0.0,0.0,0.0,0.0,0.0,0.0,0.12506,0.0,0.0,0.0,0.0,0.0,0.03494,0.0,0.0,0.0,0.41698,0.07849,0.0,0.0,0.0,1.18229,0.00851,0.0,0.0,0.0,0.0,0.0,0.0,0.0,0.010029999999999999,0.0,0.0,0.0,0.0,0.41093,0.0,0.0,0.0,0.0
S378,3.1252400000000002,0.0,0.0,0.0,0.0,0.0,0.0,0.0,0.0,0.0,0.0,0.0,0.0,0.0,0.0,0.5438,0.0,0.0,0.0,0.0,0.0,0.27133,0.0,0.0,0.00157,0.0,0.0,3.67942,0.08859,1.51289,0.0,0.0044,0.30379,0.729,0.0,0.0,1.2074500000000001,9.89144,1.94624,0.0,0.0,0.0,0.0,0.0,0.0,0.0,0.0,0.0,0.0,0.0,0.0,0.0,0.014459999999999999,0.049819999999999996,0.06224,0.0,0.088,0.08106,0.0,0.00396,1.37147,0.0,0.0,0.0,0.0,0.0,0.0,0.24085,0.0,0.0,0.0,7.466550000000001,0.24058000000000002,2.01056,16.89552,2.99552,1.9264000000000001,0.68548,0.0,2.4824400000000004,0.13717000000000001,2.61079,0.0,0.09096,4.5691,0.00345,20.58678,8.39703,0.0,0.0,0.10294,0.96893,0.0,0.0,0.14748,0.0,0.0,0.0,0.13415,0.0,0.0,0.02021,0.64107,0.0,0.0,0.0,0.0,0.05256,0.0,0.0,0.11612,0.0,0.02282,0.04521,0.0,0.80794,0.0,0.07795,0.19332,0.0,0.0,0.0,0.0,0.0,0.0,0.0,0.28472,0.0,0.0,0.0,0.0,0.06924,0.0,0.0,0.0,0.0
S380,1.99995,0.0,0.0,0.0,0.0,0.0,0.0,0.0,0.0,0.0,0.0,0.0,0.0,0.0,0.0,1.8668500000000001,0.0,0.0,0.0,0.12229000000000001,0.0,3.1834,0.0,0.0,0.0,0.0,0.0,2.2018299999999997,0.0,0.64242,0.0,0.0,0.04933,0.76493,0.0,0.0,0.25475,1.9420099999999998,0.36312999999999995,0.0,0.0,0.0,0.0,0.0,0.0,0.0,0.0,0.0,0.0,0.0,0.0,0.0,0.0,0.0,0.0,0.0,0.0,2.3576300000000003,0.0,0.0,0.27510999999999997,0.0,0.0,0.0,0.0,0.0,0.0,0.0,0.0,0.0,0.0,15.8588,0.23351,7.88437,0.0,2.2280800000000003,9.78792,0.8026300000000002,0.0,0.90588,0.1004,0.49302,0.0,0.15748,13.63645,0.0143,18.08702,7.352390000000001,0.0,0.0,0.0,5.109819999999999,0.0074,0.0,0.0,0.0,0.0,0.0,0.0,0.0,0.0,0.0,0.02241,0.0,0.0,0.0,0.0,0.0,0.0,0.0,0.0,0.0,0.0029100000000000003,0.0,0.0,0.0,0.0,0.010790000000000001,0.0,0.0,0.0,0.0,0.0,0.0,0.0,0.0,0.0,0.0,0.0,0.0,0.0,1.28035,0.0,0.0,0.00044,0.0
S381,3.6252699999999995,0.0,0.0,0.0,0.00675,0.0,0.0,0.0,0.0,0.0,0.0,0.0,0.0,0.0,0.0,4.6858,0.0,0.0,0.0,0.12614,0.0,2.68336,0.0077,0.00577,0.0,0.0,0.0,6.849940000000001,0.04295,0.44856999999999997,0.0,0.0,0.1592,0.48011000000000004,0.0,0.0,0.0,0.0,2.65757,0.0,0.0,0.0,0.0,0.0,0.0,0.0,0.0,0.00419,0.0,0.0,0.00746,0.00892,0.06495,0.0,0.02545,0.0,0.00158,13.146609999999999,0.0,0.0,0.06084,0.0,0.00296,0.0,0.0,0.0,0.0,0.0,0.0,0.00118,0.0,8.00346,0.22132,16.83473,0.0,3.8211,1.75739,0.08463999999999999,0.0,2.6402,0.04695,1.3265999999999998,0.0,0.019780000000000002,5.2034400000000005,0.0,10.93058,3.3018300000000003,0.0,0.0,0.0,2.35443,0.0373,0.012980000000000002,0.08744,0.0,0.0,0.0,1.09295,0.0,0.0,0.04086,0.05451,0.0,0.0,0.0,0.0,0.0,0.0,0.0,0.0,0.0,0.13466,0.06762,0.0,0.0,0.0015199999999999999,6.6351,0.0,0.0,0.0,0.0,0.0,0.0,0.0,0.0,0.1781,0.0,0.0,0.0,0.0,0.0,0.0,0.0,0.0072,0.0
S389,0.0,0.0,0.0,0.0,0.00385,0.0,0.0,0.0,0.0,0.0,0.0,0.04245,0.0,0.0,0.0,3.6533599999999997,0.0,0.0,0.0,0.35106,0.0,2.01743,0.13114,0.08943,0.00214,0.0,0.0,2.28306,0.0,0.0,0.0,0.0,1.21479,0.0,0.0,0.0,0.0,0.36456,8.11974,0.0,0.0,0.0,0.0,0.0,0.0,0.0,0.0,0.0,0.0,0.0,0.00233,0.55783,1.93292,0.0,0.0,0.0,0.0,3.21416,0.0,0.015619999999999998,0.07751,0.0,0.00403,0.0,0.0,0.0,0.0,0.0,0.0,0.0,0.0,9.30968,0.07644,8.91218,0.0,4.58428,2.51099,3.7777800000000004,0.0,0.54018,0.00185,0.0,0.0,0.05598,10.98415,0.0,9.40439,1.77252,0.0,0.0,0.20277,0.11463999999999999,0.08800000000000001,0.0,0.0,0.0,0.0,0.0,11.29242,0.0,0.0,0.0118,0.0,0.0,0.0,0.0,0.0,0.0,0.0,0.0,0.0,0.0,0.6392599999999999,0.0,0.0,7.386270000000001,0.0,2.58006,0.0,0.0,0.01637,0.0,0.0,0.0,0.0,0.0,0.0,0.0,0.0,0.0,0.0,1.6442299999999999,0.01634,0.0,0.0,0.0
S398,0.0,0.0,0.0,0.0,0.0011099999999999999,0.0,0.0,0.0,0.0,0.0,0.0,0.00855,0.0,0.00345,0.0,5.87774,0.0,0.0,0.0,0.0,0.0,0.0,0.51048,0.07092999999999999,0.0,0.0,0.0,22.29659,0.0,0.0,0.0,0.0,0.38656999999999997,0.8673099999999999,0.0,0.0,0.0,0.0,3.9887900000000003,0.0,0.0,0.0,0.0,0.0,0.0,0.0,0.0,0.0,0.0,0.0,0.0,0.0,0.00545,0.0,0.0,0.0,0.0,2.6873000000000005,0.0,0.01289,0.5121800000000001,0.0,0.0,0.0,0.0,0.0,0.0,0.00528,0.014230000000000001,0.018359999999999998,0.0,15.62363,0.09351,1.02126,0.0,0.39358000000000004,3.5753,0.68826,0.0,3.8391399999999996,1.30932,0.31338,0.0,0.0,7.05132,0.0,10.89574,2.80873,0.0,0.0,0.0,0.02083,0.23504999999999998,0.00344,0.0,0.0,0.0,0.0,12.71476,0.0,0.0,0.0,0.06661,0.0,0.0,0.0,0.0,0.0,0.0,0.42673999999999995,0.0,0.0,0.17005,0.0,0.0,0.0,0.0,0.01965,0.0,0.0,0.0,0.0,0.0,0.0,0.0,0.0,0.0,0.0,0.0,0.0,0.0,1.4625,0.0,0.0,0.0,0.0
S421,0.00995,0.0,0.0,0.0,0.0,0.0,0.0,0.0,0.0,0.0,0.0,0.0,0.0,0.0,0.0,4.56159,0.041460000000000004,0.0,0.0,0.007890000000000001,0.0,1.21786,0.02098,0.0,0.0,0.0,0.0,3.62021,0.0,0.07827,0.0,0.01623,0.0,0.19856000000000001,0.0,0.0,0.0,0.01103,1.1883299999999999,0.0,0.0,0.0,0.0,0.0,0.0,0.0,0.0,0.021830000000000002,0.0,0.0,0.01523,0.0,0.06147,0.0066,0.06996000000000001,0.0,0.04764,3.8563799999999997,0.0,0.00485,1.1095000000000002,0.0,0.00244,0.00145,0.0,0.0,0.0017800000000000001,0.00293,0.007890000000000001,0.0009400000000000001,0.008759999999999999,18.726219999999998,0.08387,6.553920000000001,0.04387,0.7572399999999999,5.9216,4.46662,0.0,8.04863,0.68552,0.36616,0.00331,0.06875,3.6157800000000004,0.005379999999999999,18.24127,14.68569,0.0121,0.0,0.017240000000000002,0.01949,0.09586,0.00774,0.0,0.00644,0.06848,0.0,1.02249,0.0,0.0,0.0,0.00161,0.0,0.017230000000000002,0.0,0.0,0.0,0.0,0.04722,0.0,0.0,0.14931,0.0,0.0,0.0,0.0,0.0,0.0,0.0,0.0,0.0,0.0,0.0,0.0,0.0,0.0,0.0,0.0,0.0,0.0,0.06897,0.0,0.0,0.0,0.0
S422,0.6758099999999999,0.0,0.0,0.0,0.020520000000000004,0.0,0.0,0.0,0.02539,0.0,0.0,0.02409,0.0,0.01824,0.0,1.5132499999999998,0.0,0.00647,0.00927,0.1064,0.0,0.79099,0.00434,0.0,0.00088,0.0,0.0,2.503,0.15012,0.25411999999999996,0.0,0.03282,0.09362999999999999,0.40585000000000004,0.0,0.0,0.27391,0.0,1.4876999999999998,0.0,0.0,0.0,0.0,0.0,0.011729999999999999,0.0,0.0,0.0,0.00428,0.0,0.00402,0.025910000000000002,2.8144899999999997,0.0,0.10822000000000001,0.0,0.02429,18.24454,0.0,0.0,0.05314000000000001,0.0,0.0,0.0,0.0,0.0,0.0,0.013179999999999999,0.0,0.00058,0.00761,25.81395,0.0878,4.147209999999999,0.02744,9.791789999999999,1.70208,1.3362299999999998,0.0,3.1011800000000003,0.02482,0.09896,0.0,0.02167,6.41076,0.0,7.24747,6.761629999999999,0.0,0.0,0.00337,0.12414999999999998,0.022199999999999998,0.0,0.0,0.00506,0.0,0.0,1.9624599999999999,0.0,0.0,0.015819999999999997,0.82198,0.0,0.0,0.0,0.0,0.00143,0.0,0.01272,0.0,0.0,0.33383,0.16992000000000002,0.0,0.0,0.0,0.13902,0.06776,0.0,0.0,0.0,0.0,0.0,0.0,0.0,0.01807,0.0,0.0,0.0,0.0,0.020390000000000002,0.0,0.0,0.0,0.0
S424,0.0,0.0,0.0,0.0,0.044680000000000004,0.0,0.0,0.0,0.01971,0.0,0.0,0.01043,0.0,0.044660000000000005,0.0,0.051750000000000004,0.0,0.0,0.0,0.52696,0.0,4.6521,0.07134,0.02086,0.0,0.0,0.0,2.55884,0.4087,1.6988599999999998,0.0,0.0047,0.0,1.13517,0.0,0.0,0.66593,0.0,6.30398,0.0,0.0,0.0,0.0,0.0,0.0,0.0,0.0,0.0,0.0,0.0,0.0,0.0,0.0,0.0,0.08721,0.0,0.03467,0.11602,0.0,0.0,0.6873400000000001,0.0,0.0,0.0,0.0,0.0,0.0,0.0,0.009170000000000001,0.06298,0.01039,5.15264,0.23711,6.73908,0.03835,0.39091,3.7441199999999997,0.57787,0.18968,0.46296,0.9152100000000001,0.038130000000000004,0.0,0.49661,5.20942,0.97777,27.813090000000003,17.40694,0.0,0.0,0.0,1.75097,0.11060999999999999,0.00451,0.0,0.0,0.0,0.82176,0.0,0.0,0.0,0.03685,0.0,0.0,0.0,0.0,0.0,0.0,0.0,0.0,0.0,0.0,0.21178,0.0,0.0,0.0,0.0,0.0,0.0,0.0,0.0,0.0,0.0,0.0,0.0,0.0,0.0,0.0,0.0,0.0,0.0,7.44718,0.0,0.0,0.0,0.0
S434,0.0,0.0,0.0,0.0,0.02825,0.0,0.0,0.0,0.02458,0.0,0.0,0.0,0.0,0.0459,0.0,0.31316000000000005,0.0054,0.0,0.0,0.48621000000000003,0.00026000000000000003,0.0,0.54958,0.08172,0.0,0.0,0.0,4.99998,0.15300999999999998,0.24379,0.0,0.0,0.02536,0.84083,0.0,0.0,0.0,0.057139999999999996,1.64756,0.0,0.0,0.0,0.0,0.0,0.005679999999999999,0.0,0.0,0.00675,0.0,0.0,0.0017800000000000001,0.0,0.19508999999999999,0.0,0.10736000000000001,0.0,0.06298000000000001,0.39894999999999997,0.0,0.00551,9.63591,0.0,0.00715,0.0,0.0,0.0,0.0,0.0017800000000000001,0.021830000000000002,0.0070799999999999995,0.0,10.51098,0.08187,10.90318,0.05534,0.33981999999999996,1.21051,0.8299799999999999,0.0,2.55181,1.3452,0.05998,0.0,0.27258,14.394120000000001,0.00165,27.966279999999998,4.672680000000001,0.0,0.0,0.62275,0.34081,0.19966,0.00547,0.0,0.0,0.0,0.005229999999999999,0.0,0.0,0.0,0.0,0.01919,0.0,0.0,0.0,0.0,0.0,0.0,0.03361,0.0,0.0,0.62123,0.58865,0.0,0.0,0.0,0.0,0.0,0.0,0.0,0.0,0.0,0.0,0.0,0.0,0.0,0.0,0.0,0.0,0.0,2.4068099999999997,0.0,0.0,0.0,0.0
S436,10.12417,0.3476,0.00725,0.0,0.0,0.0,0.0,0.0,0.0,0.0,0.0,0.0009400000000000001,0.0,0.0,0.0,0.05545,0.0,0.0,0.0,0.0,0.0,2.81102,0.0,0.0,0.0020800000000000003,0.0,0.0,19.444940000000003,0.8086800000000001,0.4956,0.0,0.22516,0.46269,0.98525,0.0,0.0,4.40212,0.0,3.3568000000000002,0.0152,0.03826,0.0,0.0,0.007690000000000001,0.0,0.0,0.0,0.0,0.0,0.0,0.0,0.0,0.0,0.0,0.0,0.0,0.0,0.02163,0.0,0.0,0.035699999999999996,0.0,0.0,0.0,0.0,0.0,0.0,0.0,0.0,0.00895,0.0,14.889889999999998,0.0028699999999999997,2.80053,0.09809,4.45691,0.30832,0.18351,0.0,0.99465,0.31975,0.07973999999999999,0.0,0.07426,4.37701,0.00894,3.85515,6.44708,0.01766,0.0,0.0,0.49360000000000004,0.07107000000000001,0.0,0.0,0.0,0.0,0.0,0.00375,0.0,0.0,0.08146,0.0,0.0,0.0,0.0,0.0,0.0589,0.0,0.24679,0.0,0.0,0.59661,0.55457,0.0,0.0,0.0,0.01746,0.0,0.0,0.0,0.0,0.0,0.0,0.0,0.0,0.00366,0.0,0.00078,0.0,0.0,15.29982,0.0,0.0,0.0,0.0
S439,0.0,0.0,0.0,0.0,0.008570000000000001,0.0,0.0,0.0,0.0,0.0,0.0,0.0,0.0,0.0,0.0,1.36448,0.0,0.0,0.0,0.0,0.0,0.0,0.6828799999999999,0.09792000000000001,0.0,0.0,0.0,33.25293,0.0,0.0,0.0,0.0,0.0,2.1803,0.0,0.0,0.0,0.013890000000000001,0.0,0.0,0.0,0.0,0.0,0.0,0.01009,0.0,0.0,0.0,0.0,0.0,0.0,0.0,0.0010400000000000001,0.0,0.00428,0.0,0.0,0.47291000000000005,0.0,0.0,5.982030000000001,0.0,0.0,0.0,0.0,0.0,0.001,0.1423,0.035789999999999995,0.005520000000000001,0.0,19.63545,0.22284,6.74938,0.013980000000000001,0.1613,1.23756,1.92345,0.0,2.3426799999999997,1.6915499999999999,0.28353,0.0,0.09105,4.73723,0.00634,8.31985,2.6955999999999998,0.0,0.0,0.06072,0.09815,0.09686,0.0,0.0,0.00235,0.0,0.0,4.67242,0.0,0.0,0.0068,0.04119,0.0,0.0,0.0,0.0,0.0,0.0,0.0,0.0,0.0,0.0,0.0,0.0,0.0,0.0,0.04534,0.0,0.0,0.0,0.0,0.0,0.0,0.0,0.0,0.0,0.0,0.0,0.0,0.0,0.6077,0.0,0.0,0.00072,0.0
S446,1.0297399999999999,0.0,0.0,0.0,0.00881,0.0,0.0,0.0,0.0,0.0,0.0,0.0,0.0,0.0,0.0,0.0,0.0,0.0,0.0,0.22078000000000003,0.0,0.0,0.0,0.0,0.0,0.0,0.0,14.72956,0.0,0.0,0.0,0.0,0.0,2.12351,0.0,0.0,0.0,0.0,1.22869,0.0,0.0,0.0,0.0,0.0,0.01185,0.0,0.0,0.0,0.0,0.0,0.0,0.0,0.0,0.0,0.0,0.0,0.0,0.52435,0.0,0.0,0.92673,0.0,0.0,0.0,0.0,0.0,0.0,0.24456999999999998,0.0,0.01407,0.0,27.61583,0.04625,2.3976800000000003,11.62808,11.4935,2.5030099999999997,0.37222,0.0,4.98771,0.29958,0.03127,0.0,0.07125,6.51277,0.0,2.7119999999999997,4.95352,0.0,0.0,0.22989,1.39113,0.04798,0.0,0.0,0.0,0.0,1.11348,0.0,0.0,0.0,0.0,0.0,0.0,0.0,0.0,0.0,0.0,0.014459999999999999,0.0,0.008879999999999999,0.0,0.5068699999999999,0.0,0.0,0.0,0.0,0.0,0.0,0.0,0.0,0.0,0.0,0.0,0.0,0.0,0.0,0.0,0.0,0.0,0.0,0.0,0.0,0.0,0.0,0.0
S451,0.0,0.0,0.0,0.0,0.0,0.0,0.0,0.0,0.01882,0.0,0.0,0.011980000000000001,0.0,0.02277,0.0,6.1166100000000005,0.0,0.0,0.0,0.07654,0.0,2.81075,0.7234499999999999,0.0,0.0011300000000000001,0.42341000000000006,0.0,15.42322,0.23671999999999999,0.0,0.0048200000000000005,0.0,0.018869999999999998,4.0382,0.0,0.0,0.0,0.0,31.580640000000002,0.0,0.0,0.0,0.0,0.0,0.0087,0.0,0.0,0.0,0.0,0.0,0.0,0.0,0.0,0.0,0.0,0.0,0.0,0.5305500000000001,0.0,0.12763,0.95838,0.0,0.0,0.0,0.0,0.0,0.0,0.029519999999999998,0.00176,0.0,0.0253,2.36793,2.65253,5.70022,0.0,2.40777,2.04363,3.1518100000000002,0.0,0.16052,0.21654,0.53693,0.0,0.19056,4.294580000000001,0.0,1.08637,4.43012,0.0,0.0,1.26009,2.27506,0.24336,0.0,0.0,0.0,0.0,0.0,3.2806599999999997,0.0,0.0,0.0,0.00884,0.0,0.0,0.0,0.019459999999999998,0.0,0.05611,0.0,0.0,0.0,0.16226000000000002,0.0,0.0,0.0,0.0,0.25644,0.0,0.0,0.0,0.0,0.0,0.0,0.0,0.0,0.0,0.0,0.0,0.0,0.0,0.008409999999999999,0.0,0.0,0.0,0.0
S456,0.0,0.0,0.0,0.0,0.009709999999999998,0.0,0.0,0.0,0.0,0.0,0.0,0.0,0.0,0.0,0.0,1.6553,0.0,0.0,0.0,0.6491600000000001,0.0,1.8282200000000002,0.13769,0.0064,0.0,0.0,0.0,27.08316,0.65069,0.20513,0.0,0.00982,0.01267,1.8127999999999997,0.00295,0.0,0.0,0.00086,3.61661,0.0,0.0,0.0,0.0,0.0,0.00828,0.0,0.0,0.0,0.0,0.0,0.0,0.0,0.05558,0.0,0.0,0.0,0.0,2.4096,0.0,0.01026,0.9589200000000001,0.0,0.0,0.0,0.0,0.0,0.0,0.0,0.01594,0.03197,0.0,3.7935200000000004,0.24925,4.82416,0.37706999999999996,2.85276,1.19295,0.84897,0.0,5.0608,1.10509,0.1749,0.0,0.08126,9.856869999999999,0.11650999999999999,11.01619,12.51644,0.0,0.0,0.0,0.16354,0.04969,0.0,0.0,0.0,0.0,0.0,0.0,0.0,0.0,0.011170000000000001,0.0,0.0,0.0,0.0,0.0,0.12987,0.0,0.27971999999999997,0.0,0.0,1.5709600000000001,0.0,0.0,0.0,0.0,0.26567,0.0,0.0,0.0,0.0,0.0,0.0,0.0,0.0,0.0,0.0,0.0,0.0,0.0,2.2909200000000003,0.0,0.0,0.0,0.0
S458,6.1864799999999995,0.0,0.00519,0.0,0.03938,0.00064,0.0,0.0,0.0,0.0,0.0,0.0,0.0,0.0,0.008490000000000001,24.61665,0.0,0.00018999999999999998,0.0,0.09826,0.0,5.24707,0.0,0.00374,0.01587,0.0,0.0,4.12784,0.1492,0.18627,0.0,0.0,0.018090000000000002,0.44915,0.0,0.0,0.0,0.06023,0.80699,0.0,0.0,0.0,0.0,0.0,0.007209999999999999,0.00041,0.0,0.0,0.0,0.0,0.0,0.0,0.058539999999999995,0.0,0.0,0.0,0.0,1.6857799999999998,0.0,0.0,2.6678100000000002,0.0,0.0,0.00064,0.01124,0.0,0.0069700000000000005,0.0015400000000000001,0.0,0.00344,0.0,6.746279999999999,0.19128,2.0116,0.02008,1.7242100000000002,3.1644699999999997,0.15152000000000002,0.0,1.49486,0.10407999999999999,0.00952,0.00158,0.24694000000000002,9.555819999999999,0.00187,7.20605,12.27266,0.0,0.0,4.38422,0.03761,0.07099,0.0,0.0,0.11317,1.00372,0.0,1.16573,0.0,0.0,0.01945,0.0,0.0,0.0,0.0,0.0,0.01153,0.0,0.00484,0.01128,0.0,0.48309,0.13111,0.0,0.0,0.0,0.00313,0.0,0.0,0.0,0.0,0.0,0.0,0.0,0.0,0.0,0.0,0.0,0.0,0.01103,1.18297,0.0,0.0,0.0,0.0
S462,1.7892299999999999,0.0,0.0,0.0,0.00774,0.0,0.0,0.0,0.02005,0.0,0.0,0.0,0.0,0.024,0.0,0.06895,0.0,0.0,0.0,0.09717999999999999,0.0,0.5536800000000001,0.00084,0.0,0.0249,0.0,0.0,14.022809999999998,0.07099,0.40904,0.0,0.01811,0.19155999999999998,1.31728,0.0,0.0,2.19604,0.0,3.74935,0.0,0.0,0.0,0.0,0.0,0.0,0.0,0.0,0.0,0.0,0.0,0.0,0.0,0.08211,0.0,0.0,0.0,0.0,0.04733,0.0,0.0,0.01577,0.0,0.0036200000000000004,0.0,0.0,0.0,0.0,9.36028,0.0038200000000000005,0.0074,0.0,4.20101,0.03439,1.4768100000000002,18.3835,1.7396699999999998,1.33199,1.19863,0.0,0.49983,0.40236,1.57053,0.0,0.113,16.75112,0.00214,2.07426,3.55222,0.0,0.20395,0.0,4.9430000000000005,0.0265,0.0,0.33277,0.0,0.0,0.0,1.3072,0.0,0.0,0.0,0.036180000000000004,0.0,0.0,0.0,0.19433,0.06707,0.56808,0.0,0.0,0.0,0.43171000000000004,0.13203,0.0,0.0,0.0,0.14459,0.0,0.0,0.0,0.0,0.0,0.0,0.0,0.0,0.020030000000000003,0.0,0.0,0.0,0.0,4.1790199999999995,0.0,0.0,0.0,0.0
S463,0.7974399999999999,0.0,0.0,0.0,0.00324,0.0,0.0,0.0,0.0,0.0,0.0,0.0,0.0,0.0,0.0,15.41583,0.0,0.0,0.0,0.0463,0.0,3.0775900000000003,0.046439999999999995,0.0,0.0249,0.0,0.0,2.7232,0.10382000000000001,0.6362300000000001,0.0,0.0,0.1171,0.44765,0.0,0.0,0.0,0.0,2.8741399999999997,0.0,0.0,0.0,0.0,0.0,0.0,0.0,0.0,0.0,0.0,0.0,0.0,0.0,0.0,0.0,0.0,0.0,0.0,0.07712,0.00151,0.04838,0.14947,0.0,0.00527,0.0,0.0,0.0,0.0,0.0,0.00093,0.0005,0.0,29.25226,0.00207,4.39927,0.0,1.6297,3.26082,0.5577799999999999,0.0,0.50649,0.57521,0.0,0.0,0.017070000000000002,4.27893,0.00456,17.01287,6.705279999999999,0.0,0.0,0.0,1.6745700000000001,0.00164,0.0,0.0,0.0,0.16597,0.0,0.0,0.0,0.0,0.0,0.0,0.0,0.0,0.0,0.0,0.0,0.0,0.010320000000000001,0.06803,0.0,0.41237,0.02107,0.0,0.0,0.0,0.13457,0.0,0.0,0.0,0.0,0.0,0.0,0.0,0.0,0.0,0.0,0.0,0.0,0.0,2.71211,0.0,0.0,0.0,0.0
S468,0.60501,0.22563000000000002,0.0,0.0,0.38384,0.0,0.0,0.0,0.0,0.0,0.0,0.35385,0.0,0.0,0.00299,4.16068,0.0,0.0,0.011009999999999999,0.0,0.0,1.6654,0.0,0.0,0.18372,0.0,0.0,0.10715,0.02201,0.00449,0.0,0.0,0.0,0.03415,0.0,0.00939,0.23861000000000002,24.394209999999998,0.13884,0.0,0.0,0.0,0.0,0.0,0.0,0.0,0.0,0.0,0.0,0.0,0.00733,0.0015300000000000001,22.64451,0.0,0.0,0.0,0.0,1.8271700000000002,0.0,0.0,1.9540199999999999,0.0,0.0,0.0,0.0,0.0,0.0,0.0,0.0,0.0,0.0,5.99613,0.0,1.38579,0.34314,1.79938,1.68883,0.7754800000000001,0.0,0.38244,0.023719999999999998,0.11599000000000001,0.0,0.0,17.9937,0.0,1.91759,1.56045,0.0,1.20313,0.0,0.66317,0.0,0.0,0.02832,0.0,0.0,4.58484,0.0,0.0,0.0,0.01127,0.39327,0.0,0.0,0.0,0.0,0.0014199999999999998,0.0,0.00627,0.0,0.0,0.0,0.04425,0.0,0.0,0.0,0.08691,0.0,0.0,0.0,0.0,0.0,0.0,0.0,0.0,0.018940000000000002,0.0,0.0,0.0,0.0,0.0,0.0,0.0,0.0,0.0
S470,0.8891899999999999,0.0,0.025960000000000004,0.0,0.0,0.0,0.0,0.0,0.0,0.0,0.0,0.0,0.0,0.01321,0.0,7.53707,0.0,0.0,0.0,0.09427999999999999,0.0,1.55227,0.0066,0.04224,0.08622,0.0,0.0,5.726570000000001,0.38679,0.9079299999999999,0.0,0.0,0.0,1.9751,0.0,0.0,2.3917900000000003,0.0,2.59172,0.0,0.0,0.0,0.0,0.0,0.0,0.0,0.0,0.0,0.0,0.0,0.0,0.0,0.00891,0.0,0.0,0.0,0.0,0.29835,0.0,0.0,6.11589,0.0,0.0,0.0,0.0,0.0,0.0,1.11594,0.0,0.0,0.0,5.2351,0.11968,2.90045,5.47995,1.2281,2.8379399999999997,1.06288,0.0,1.3518999999999999,0.11252000000000001,0.57116,0.0,0.40234000000000003,27.42949,0.0,5.89744,7.8228800000000005,0.0,0.09272999999999999,0.0,0.0,0.0,0.0,0.0,0.0,0.0,0.0,4.22313,0.0,0.0,0.09725,0.0,0.0,0.0,0.0,0.0,0.0,0.0,0.01396,0.0,0.0,0.31749,0.24052,0.0,0.0,0.0,0.15633,0.05063,0.0,0.0,0.0,0.0,0.0,0.0,0.0,0.008,0.0,0.0,0.0,0.0,0.58212,0.0,0.0,0.0,0.0
S475,0.0,0.0,0.0,0.0,0.0,0.0,0.0,0.0,0.0,0.0,0.0,0.0,0.0,0.0,0.0,3.62108,0.0,0.0,0.0,0.0,0.0,0.66819,0.0,0.0,0.026269999999999998,0.0,0.0,8.884730000000001,0.29505,0.09913999999999999,0.0,0.0,0.07889,0.49745999999999996,0.0,0.0,0.16733,0.0,1.31866,0.0,0.0,0.0,0.0,0.0,0.02359,0.0,0.0,0.0,0.0,0.0,0.0,0.0,0.0,0.0,0.0,0.0,0.0,1.7839800000000001,0.0,0.0,0.13382,0.0,0.0,0.0,0.0,0.0,0.0,0.0,0.0,0.0,0.0,15.38737,0.03835,2.9754700000000005,0.00604,25.87647,2.04285,0.40996,0.0,1.2616,0.34124,0.0,0.0,0.04489,4.59842,0.0,10.440729999999999,8.068549999999998,0.0,7.5331600000000005,0.0,0.03828,0.0331,0.0,0.0,0.0,0.0,0.0,0.018969999999999997,0.0,0.0,0.0,0.00464,0.0,0.0,0.0,0.0,0.0,0.0,0.0,0.0,0.0,0.25661,0.11383,0.0,0.0,0.0,0.49349,0.034230000000000003,0.0,0.0,0.0,0.0,0.0,0.07191,0.0,0.0,0.0,0.0,0.0,0.0,2.31168,0.0,0.0,0.0,0.0
S476,0.0026699999999999996,0.0,0.0,0.0,0.15986,0.0,0.0,0.0,0.0,0.0,0.0,0.05896,0.0,0.0,0.01207,4.127,0.0,0.00615,0.0029100000000000003,0.30054000000000003,0.00755,0.006750000000000001,0.02051,0.09631,0.0,0.0,0.0,7.16908,0.0,1.8198599999999998,0.0,0.0,0.29320999999999997,0.9315899999999999,0.0,0.0,0.0,0.0,2.18271,0.0,0.0,0.0,0.0,0.0,0.0065,0.0,0.0,0.0,0.0,0.0,0.00969,0.0,0.41466,0.0,0.0,0.0,0.0,0.21171,0.0,0.0,1.75098,0.0,0.0,0.0,0.0,0.0,0.0,0.0,0.0,0.00054,0.0,9.704480000000002,0.0,2.57877,0.00385,1.4984199999999999,2.06602,0.6921999999999999,0.0,6.596920000000001,0.14982,0.01715,0.0,0.31342000000000003,22.003770000000003,0.0,7.9080699999999995,16.49533,0.0,0.0,0.0,0.0,0.009890000000000001,0.0,0.0,0.0,0.0,0.0,5.60119,0.0,0.0,0.0,0.14329999999999998,0.0,0.0,0.0,0.0,0.0,0.0,0.30095,0.0,0.0,0.5355399999999999,0.25523,0.0,0.0,0.0,1.3796599999999999,0.0,0.0,0.0,0.0,0.0,0.0,0.0,0.0,0.09261,0.0,0.0,0.0,0.0,2.0616,0.0,0.0,0.0,0.0
S478,0.0,0.0,0.0,0.0,0.0,0.0,0.0,0.0,0.0,0.0,0.0,0.0,0.0,0.0,0.0,6.979049999999999,0.0,0.0,0.0,0.54,0.0,2.58962,0.01121,0.05895,0.0,0.0,0.0,3.12073,1.22004,1.6615,0.0,0.0,0.00864,0.28613,0.0,0.0,1.44015,0.0,3.31891,0.0,0.0,0.0,0.0,0.0,0.0,0.0,0.0,0.0,0.0,0.0,0.0,0.0,1.61672,0.0,0.20067000000000002,0.0,0.004869999999999999,0.03049,0.0,0.0,5.0271,0.0,0.0,0.0,0.0,0.0,0.0,0.0,0.0,0.015790000000000002,0.0,16.109729999999995,0.16664,4.32717,0.0114,1.56236,4.50283,0.79137,0.0,3.3532900000000003,0.40967,0.72942,0.0,0.01619,21.92765,0.0,1.77885,9.65133,0.0,0.0,0.0,0.7433200000000001,0.0247,0.0,0.1812,0.0,0.0,0.0,4.1535400000000005,0.0,0.0,0.02192,0.05863,0.0,0.0,0.0,0.0,0.0,0.0,0.0,0.0,0.0,0.04789,0.0,0.0,0.0,0.0,0.007050000000000001,0.0,0.0,0.0,0.0,0.0,0.0,0.0,0.0,0.0,0.0,0.05062,0.0,0.0,1.24264,0.0,0.0,0.0,0.0
S479,1.05626,0.0,0.0,0.0,0.04195,0.0,0.0,0.0,0.0,0.0,0.0,0.02882,0.0,0.0,0.01782,3.5732699999999995,0.0,0.0,0.0,0.031439999999999996,0.0027600000000000003,5.37265,0.0,0.0,0.00344,0.0,0.0,0.12561999999999998,0.01707,0.007859999999999999,0.0,0.0,0.0,0.06829,0.0,0.0,0.04761,0.70316,0.15275,0.0,0.0,0.0,0.0,0.0,0.0,0.0,0.0,0.0,0.0,0.0,0.0,0.0,0.0,0.0,0.0,0.0,1.00358,0.35137999999999997,0.0,0.0,0.03783,0.0,0.0,0.0,0.0,0.0,0.0,0.0,0.0,0.0,0.0039,10.43955,0.02012,3.38891,0.01205,10.92435,10.95929,1.34372,0.0,1.6297800000000002,0.052110000000000004,0.04219,0.0,0.06725,8.94023,0.0,20.11965,2.95918,0.0,6.53289,0.0,8.81482,0.02117,0.0,0.0,0.0,0.0,0.0,0.0,0.0,0.0,0.94913,0.02272,0.0,0.0,0.0,0.0,0.0,0.0,0.0,0.0,0.0,0.03267,0.053399999999999996,0.0,0.0,0.0,0.00744,0.0,0.0,0.0,0.0,0.0,0.0,0.0,0.0,0.0,0.0,0.0,0.0,0.0,0.01992,0.0,0.0,0.0,0.0
S483,0.0,0.0,0.0,0.0,0.00125,0.0,0.0,0.0,0.0,0.0,0.0,0.0,0.0,0.0,0.0,0.55048,0.0,0.0,0.0,0.054810000000000005,0.0,1.2365,0.01242,0.00179,0.0,0.0,0.0,19.49515,0.38004,0.72648,0.0,0.0,0.15552,0.35623,0.0,0.0,2.1450199999999997,0.0,2.50598,0.0143,0.0,0.0,0.0,0.0,0.0,0.0,0.0,0.0,0.0,0.0,0.00916,0.0,0.25981,0.0,0.0,0.0,0.0,1.85666,0.0,0.0,0.13571,0.0,0.0,0.0,0.0,0.0,0.0,0.0,0.00604,0.01318,0.0,9.385069999999999,0.01275,5.32215,0.02659,1.57477,3.47847,1.03662,0.0,16.723699999999997,0.9605799999999999,0.35007,0.0,0.0095,15.45125,0.00835,4.78056,4.14708,0.0,0.0,0.0,0.00317,0.05538,0.0,0.0,0.0,0.0,0.0,5.4192599999999995,0.0,0.0,0.00639,0.16471,0.0,0.0,0.013019999999999999,0.0024100000000000002,0.0,0.0,0.56992,0.0,0.0,0.56271,0.0017,0.0,0.0,0.0,0.00411,0.0,0.0,0.0,0.0,0.0,0.0,0.0,0.0,0.0,0.0,0.0,0.00639,0.0,0.0004,0.0,0.0,0.0008300000000000001,0.00555
S484,0.0,0.0,0.0,0.0,0.02105,0.0,0.0,0.0,0.0,0.0,0.0,0.07027,0.0,0.0,0.0,0.0,0.0,0.0,0.0,0.01006,0.0,3.30337,0.0,0.00032,0.0,0.0,0.0,9.32379,0.0,1.8933200000000001,0.0,0.031030000000000002,0.13646,0.92316,0.0,0.00279,2.03203,10.44957,5.27457,0.00731,0.0,0.0,0.0,0.0037,0.0,0.0,0.0,0.02292,0.0,0.00121,0.00524,0.0,0.07681,0.0,0.0,0.0,0.0,8.78306,0.0,0.0,0.13809000000000002,0.0,0.0,0.0,0.0,0.0,0.0,0.02192,0.1019,0.0033,0.0,8.6236,0.052270000000000004,2.91871,0.01349,0.6746300000000001,3.2556100000000003,0.52654,0.0,3.0646300000000006,0.48773000000000005,0.0,0.0,0.01207,5.49437,0.0,2.8672199999999997,12.65368,0.0,1.07819,0.02201,0.9265599999999998,0.030180000000000002,0.0,0.0,0.0,0.0,0.0,6.72995,6.720370000000001,0.0,0.013069999999999998,0.0,0.0,0.0,0.013319999999999999,0.0,0.0,0.0,0.08317999999999999,0.1134,0.0,0.548,0.01034,0.0,0.0,0.0,0.42965,0.0,0.0,0.0,0.0,0.0,0.0,0.0,0.0,0.0,0.0,0.0,0.0,0.0,0.0,0.0,0.0,0.0,0.0
S495,0.0,0.0,0.0,0.0,0.07056,0.0,0.0,0.0,0.0,0.0,0.0,0.0069900000000000006,0.0,0.0,0.0,5.84355,0.0,0.0,0.0,0.23567,0.0,5.05326,0.09625000000000002,0.12857000000000002,0.00419,0.0,0.0,4.37291,0.14400000000000002,0.7047,0.0,0.04415,0.03626,1.73442,0.006790000000000001,0.0,0.40503999999999996,1.06098,3.3983800000000004,0.0,0.0,0.0,0.0,0.0,0.0,0.0,0.0,0.0,0.0,0.0,0.0,0.0,0.21399,0.0,0.0,0.0,0.67778,0.32154,0.0,0.0,2.31984,0.0,0.00457,0.00124,0.0,0.0,0.0,0.00385,0.03463,0.0082,0.0,5.589010000000001,0.12247000000000001,10.051290000000002,0.00758,3.52461,2.61752,0.5233,0.0,1.75472,1.07397,0.0,0.0,0.12957,6.51408,0.10087,10.23637,15.267269999999998,0.0,0.0,1.58627,9.487249999999998,0.026260000000000002,0.0,0.0,0.0,0.0,1.2695100000000001,0.0,0.0,0.0,0.0,0.00785,0.0,0.0,0.0,0.0,0.014969999999999999,0.0,0.25232,0.0,0.0,0.013579999999999998,0.42753,0.0,0.0,0.0,0.02809,0.0,0.0,0.0,0.0,0.0,0.0,0.0,0.0,0.0,0.0,0.0,0.0,0.0,2.44142,0.0,0.0,0.0,0.0
S497,3.35005,0.0,0.0,0.00618,0.02067,0.0,0.0,0.0,0.0,0.0,0.0,0.03257,0.0,0.0,0.0,2.94446,0.0,0.0,0.0,0.00528,0.0,1.7654400000000001,0.00549,0.00093,0.011859999999999999,0.0,0.0,7.006470000000001,0.42599,0.61715,0.0,0.07028999999999999,0.51067,0.7861100000000001,0.0,0.0,1.34449,0.0,3.53763,0.0,0.0,0.0,0.0,0.0,0.0,0.0,0.0,0.00037,0.0,0.0,0.0,0.0,0.00987,0.0,0.01595,0.0,0.0,2.1431400000000003,0.0,0.0,0.11967,0.0,0.0,0.0,0.0,0.0,0.0,0.00037,0.0,0.0,0.0,4.44683,0.08553,2.5330700000000004,0.01999,7.50568,4.292649999999999,0.7999100000000001,0.0,4.96298,0.16755,0.46142000000000005,0.0,0.03511,10.74878,0.00114,11.919080000000001,19.37333,0.0,0.0,0.0,0.40668,0.01849,0.0,0.009660000000000002,0.0,0.0,1.7958900000000002,0.0,0.0,0.0,0.01813,0.14626,0.0,0.0,0.0,0.0,0.0,0.0,0.1914,0.02311,0.0,0.032170000000000004,0.0,0.0,0.0,0.0,0.02914,0.0,0.0,0.0,0.0,0.0,0.0,0.0,0.0,0.07497999999999999,0.0,0.0,0.0,0.0,5.16035,0.0,0.0,0.0,0.00962
S517,0.32676,0.0,0.0,0.0,0.00474,0.0,0.01348,0.0,0.0,0.0,0.0,0.00608,0.0,0.0,0.0,2.13427,0.0,0.0,0.0,0.11442999999999999,0.0,0.58973,0.0,0.0,0.0,0.0,0.0,2.09259,0.22021,0.85431,0.0,0.00848,0.23164,0.28944000000000003,0.0,0.0,0.675,20.24053,0.7081900000000001,0.0,0.0,0.0,0.0,0.0,0.00571,0.0,0.0,0.00189,0.0,0.0,0.0030600000000000002,0.00033999999999999997,0.00902,0.0,0.0,0.0,0.0,3.6445699999999994,0.0,0.0,0.02028,0.0,0.0024,0.0,0.0,0.0,0.0,0.0,0.0,0.0,0.0,28.529600000000002,0.19825,1.4439600000000001,0.00795,0.8912699999999999,1.7188299999999999,0.52686,0.0,4.077649999999999,0.04919,1.1459100000000002,0.00146,0.011559999999999999,6.033580000000001,0.0,10.94292,4.19262,0.0,0.0,0.0,0.0,0.0017,0.0,0.10679,0.0,0.0,0.0,4.90353,0.0,0.0,0.0077,0.694,0.0,0.0,0.0,0.0,0.0,0.0,0.0,0.01556,0.0,0.0,0.0,0.0,0.0,0.0,0.00495,0.0,0.0,0.0,0.0,0.0,0.0,0.0,0.00703,0.19646,0.0,0.0,0.0,0.0,2.0935200000000003,0.0,0.0,0.0,0.0
S524,4.88706,0.0,0.0,0.0,0.01964,0.0,0.0,0.0,0.0,0.0,0.0,0.01256,0.0,0.0,0.0,6.11771,0.0,0.0,0.0,0.30875,0.0,2.42483,0.20068,0.34023000000000003,0.0,0.31959,0.0,4.00938,0.0,1.36722,0.0,0.0,0.05635,0.61098,0.0,0.0,0.0,0.00118,5.56651,0.0,0.0,0.0,0.0,0.0,0.01366,0.0,0.0,0.0,0.0,0.0,0.0,0.0,0.0,0.0,0.0,0.0,0.0,0.34453000000000006,0.0,0.0,0.14044,0.0,0.01047,0.0,0.0,0.0,0.0,0.0,0.0,0.00514,0.0,19.31766,0.09492,3.10979,0.0095,3.07948,3.18677,0.22643,0.0,2.03271,0.35636999999999996,0.10815,0.0,0.07023,2.99337,0.00428,14.56352,15.51997,0.0,0.0,0.0,0.0152,0.04054,0.00847,0.0,0.0,0.0,0.0,7.62807,0.0,0.0,0.00921,0.00873,0.0,0.0,0.0,0.0,0.0,0.0,0.0,0.02414,0.0,0.20451,0.15004,0.0,0.0,0.0,0.15393,0.0,0.0,0.0,0.0,0.0,0.0,0.0,0.0,0.0,0.0,0.0,0.0,0.0,0.32711999999999997,0.0,0.0,0.0,0.0
S526,1.35456,0.0,0.0,0.0,0.06165000000000001,0.0014,0.0,0.0,0.01695,0.0,0.0,0.01066,0.013969999999999998,0.0,0.0,0.86721,0.0,0.0,0.0007,0.47763999999999995,0.0,2.71611,0.15508,0.01138,0.00647,0.0,0.0,6.52089,0.28919,2.09403,0.0,0.01056,0.07946,0.73743,0.0028899999999999998,0.0,0.0,0.0,5.0587800000000005,0.0,0.0,0.0,0.0,0.0,0.0,0.0,0.0,0.0,0.0,0.0,0.0,0.0,0.0,0.0,0.0,0.0,0.0,1.0508700000000002,0.0,0.00299,1.34866,0.0,0.0031100000000000004,0.0181,0.04297,0.0,0.0,0.0,0.00999,0.02125,0.06896000000000001,4.4716499999999995,0.31924,7.00872,0.03298,1.38789,2.82496,1.60748,0.0,1.09051,1.4214799999999999,1.17864,0.0,0.15603,3.24368,0.007559999999999999,3.05666,38.133590000000005,0.0,0.0,0.00285,5.78374,0.14986000000000002,0.0,0.4779300000000001,0.0,0.0,0.0,0.08526,0.0,0.0,0.01056,0.13397,0.0,0.0,0.0,0.0,0.0,0.0,0.18253,0.0,0.0,0.53427,0.06352999999999999,0.0,0.0,0.0,3.3641,0.0,0.0,0.01465,0.0,0.0,0.0,0.0,0.0,0.0,0.0,0.0,0.0,0.0,0.20181,0.0,0.0,0.0,0.0
S529,0.0,0.0,0.0,0.0,0.016690000000000003,0.0,0.0,0.0,0.0,0.0,0.0,0.0,0.0,0.0,0.0,12.608680000000001,0.0,0.0,0.0,0.20176,0.0018399999999999998,2.72884,0.010499999999999999,0.0,0.00043,0.0,0.0,1.00277,0.07107999999999999,0.0,0.0,0.0,0.01704,0.42578,0.0,0.0,0.0,1.00225,0.79077,0.0,0.0,0.0,0.0,0.0,0.00742,0.0,0.0,0.0,0.0,0.0,0.00379,0.0,0.0,0.0,0.04805,0.0,0.02617,0.1811,0.0,0.0,0.36987000000000003,0.0,0.0047799999999999995,0.0,0.0,0.0,0.0,0.013219999999999999,0.00454,0.0,0.010320000000000001,38.1479,0.09461,3.98784,0.01042,3.40845,3.21737,0.71225,0.0,0.6907000000000001,1.4404700000000001,0.0196,0.0,0.0377,5.66614,0.00441,3.4855199999999997,10.797199999999998,0.0,0.0,0.00315,0.00882,0.06706999999999999,0.00098,0.0,0.0,0.0,0.0,7.94221,0.0,0.0,0.035039999999999995,0.00057,0.0,0.0,0.0,0.0,0.0,0.0,0.007659999999999999,0.0,0.0,0.0,0.15397,0.0,0.0,0.0,0.17057,0.0,0.0,0.0,0.0,0.0,0.0,0.0,0.0,0.0,0.0,0.0,0.0,0.0,0.34171,0.0,0.0,0.0,0.0
S530,0.6581199999999999,0.0,0.00299,0.0,0.00975,0.0,0.0,0.0021,0.0,0.0,0.0,0.00784,0.0,0.0,0.00566,11.011,0.0,0.0,0.0,0.08886000000000001,0.0024,3.2431400000000004,0.00057,0.00215,0.00217,0.0,0.0,0.63965,0.01349,0.0657,0.0,0.0,0.04102,0.35408,0.0,0.0,0.03815,0.57176,0.36653,0.0,0.0,0.0,0.0,0.0,0.00415,0.0,0.0,0.0,0.0,0.0,0.00126,7.263319999999999,0.02522,0.0,0.0,0.0,0.24128000000000002,1.44766,0.0,0.0,0.08234000000000001,0.0,0.00532,0.0,0.0,0.0,0.0,0.0,0.0,0.0,0.0,6.7093300000000005,0.06932999999999999,4.56992,0.03492,12.80329,2.92307,0.06548,0.0,1.0688799999999998,0.02041,0.65685,0.0011099999999999999,0.01083,19.4031,0.00025,15.68056,2.3483,0.0,0.6139899999999999,0.0,4.78298,0.01361,0.0027600000000000003,0.004379999999999999,0.0,0.0,0.0,1.7836599999999998,0.0,0.0,0.022369999999999998,0.010100000000000001,0.0,0.0,0.0,0.0,0.00257,0.0,0.0,0.00689,0.0,0.11546000000000001,0.00294,0.0,0.0,0.0,0.00206,0.05816,0.0,0.0,0.0,0.0,0.0,0.0,0.0,0.01229,0.0,0.0,0.0,0.0,0.00245,0.0,0.0,0.0,0.0
S536,1.56616,0.23194,0.0,0.0,0.01849,0.0,0.0,0.0,0.0,0.0,0.0,0.00692,0.0,0.0,0.0,9.582189999999999,0.0,0.0,0.0,0.0,0.0,8.31433,0.19709,0.02511,0.00442,0.0,0.0,2.1726900000000002,0.0,0.0,0.0,0.0,0.0,0.4179,0.0,0.0,0.18497,0.0,2.5206600000000003,0.0,0.0,0.00164,0.00022,0.0,0.00412,0.0,0.0,0.0,0.0,0.0,0.00198,0.0,1.5819999999999999,0.016759999999999997,0.0038000000000000004,0.0,0.0003,0.23257,0.0,0.0,0.15431999999999998,0.0,0.0,0.0,0.0,0.0,0.0,0.0,0.0,0.0,0.00955,19.75541,0.17985,7.8204,0.02311,1.64115,7.2667,0.52448,0.0,0.34362,0.36559,0.0,0.0,0.14825000000000002,6.03718,0.0,14.56852,3.8799,0.0,1.6362299999999999,0.9027,0.7565799999999999,0.047689999999999996,0.0,0.0,0.0,0.0,0.0,4.81107,0.0,0.0,0.01665,0.0,0.0,0.0,0.0,0.0,0.0,0.0,0.01633,0.0,0.0,0.26444,0.00864,0.0,0.0,0.0,1.51337,0.0,0.0,0.0,0.0,0.0,0.0,0.0,0.0,0.0,0.0,0.0,0.0,0.0,0.22205,0.0,0.0,0.0,0.0
S53,2.67078,0.07407000000000001,0.0,0.0,0.0,0.0,0.0,0.0,0.0,0.0,0.0,0.0,0.0,0.0,0.0,8.15269,0.0,0.0,0.0,0.21641,0.0,0.29573,0.0,0.05114,0.00486,0.0,0.0,4.595109999999999,0.47385,2.20559,0.0,0.20608,0.30191,1.7531499999999998,0.0,0.0,0.0,0.0,3.3463499999999997,0.0,0.0,0.0,0.0,0.0,0.01064,0.0,0.0,0.0,0.0,0.0,0.0,0.0,0.0,0.0,0.0,0.0,0.0,0.60569,0.0,0.0,0.04632,0.0,0.00415,0.0,0.0,0.0,0.0,0.0,0.0,0.02509,0.0,17.33151,0.436,2.70948,0.0,0.7461099999999999,1.70087,0.35275999999999996,0.0,2.66804,0.18548,0.0,0.0,0.10766,6.24576,0.00062,14.214760000000002,13.788450000000001,0.0,0.0,0.0,0.011000000000000001,0.042609999999999995,0.0,0.0,0.0,0.0,0.0,0.0,0.0,0.0,0.04305,0.0,0.0,0.0,0.0,0.17437,0.01402,0.04663,0.0,0.0,0.0,0.5242,0.10767,0.0,0.0,0.0,0.01845,0.0,0.0,0.0,0.0,0.0,0.0,0.0,0.0,0.0,0.0,0.0,0.0,0.0,13.490920000000001,0.0,0.0,0.0,0.0
S543,0.1137,0.0,0.0,0.0,0.0,0.0,0.0,0.0,0.0,0.0,0.0,0.03098,0.0,0.0,0.00414,2.20491,0.0,0.0,0.0,0.01856,0.0,1.93061,0.00123,0.01934,0.02012,0.0,0.0,20.81294,0.24666999999999997,0.0,0.0,0.07557,0.29375999999999997,0.99692,0.0,0.0,0.34157,0.0,7.16062,0.0,0.0,0.0,0.0,0.0,0.0122,0.0,0.0,0.0,0.0,0.0,0.0,0.0,0.64697,0.0,0.15617,0.0,0.0,0.32633,0.0,0.0,0.03451,0.0,0.0023899999999999998,0.0,0.0,0.0,0.0,0.00193,0.004529999999999999,0.0,0.0,5.071179999999999,0.09861,3.71817,0.0,4.47467,1.6090900000000001,1.50881,0.0,2.9269600000000002,0.83714,0.01611,0.0,0.050190000000000005,10.70767,0.00035,10.62519,6.718719999999999,0.0,0.0,0.0,3.41484,0.06674,0.0,0.0,0.10536,1.48195,0.0,0.0,0.0,1.47055,6.90994,0.020540000000000003,0.0,0.0,0.0,0.0,0.0,0.0,0.0,0.0,0.01459,0.33122999999999997,0.0020800000000000003,0.0,0.0,0.0,0.13755,0.0,0.0,0.0,0.0,0.0,0.0,0.0,0.0,0.0,0.0,0.019,0.0,0.0,2.2061,0.0,0.0,0.0,0.0
S550,0.007430000000000001,0.0,0.0,0.0,0.0,0.0,0.0,0.0,0.0,0.0,0.0,0.24374,0.0,0.0,0.0,5.63275,0.0,0.0,0.0050799999999999994,0.0,0.0,3.50155,0.65078,0.05044,0.0,0.0,0.0,14.96478,0.0,0.0,0.0,0.0,0.0,1.3698199999999998,0.0,0.0,0.0,0.0,0.23417,0.0,0.0,0.0,0.0,0.0,0.0,0.0,0.0,0.0,0.0,0.0,0.0,0.0,2.4254800000000003,0.8657799999999999,0.0,0.0,0.0,14.63666,0.0,0.0,3.4227700000000003,0.0,0.0,0.0,0.0,0.00963,0.0,0.08772,0.0,0.0,0.0,14.539560000000002,0.00143,6.55922,0.0,0.07655999999999999,0.56729,2.1522,0.0,0.6437,0.03442,0.0506,0.0,0.04849,0.82636,0.0,14.57599,2.85158,0.0,0.015569999999999999,0.21933000000000002,0.15707000000000002,0.0,0.0,0.0,0.0,0.0,0.0,0.0109,0.0,0.0,0.0,0.005529999999999999,0.0,0.0,0.0,0.0,0.0,0.0,0.0,0.0,0.0,0.0,0.0,0.0,0.0,0.0,8.05742,0.0,0.0,0.07171,0.0,0.0,0.0,0.0,0.0,0.0,0.0,0.0,0.0,0.0,0.42313,0.0,0.0,0.0034,0.0
S551,0.0,0.0,0.0,0.0,0.00172,0.0,0.0,0.0,0.0,0.0,0.0,0.00495,0.0,0.0,0.0,2.77889,0.0,0.0,0.0,0.0,0.0,0.0,1.27724,0.15086,0.0,0.0,0.0,10.855949999999998,0.0,0.0,0.0,0.0,0.18937,0.0,0.0,0.0,0.0,0.0,1.6262100000000002,0.0,0.0,0.0,0.0,0.0,0.0,0.0,0.0,0.0,0.0,0.0,0.00854,0.0,0.17878,0.0,0.0,0.0,0.2436,3.36056,0.00202,0.0,0.14025,0.0,0.0,0.0,0.0,0.0,0.0,0.0,0.02446,0.02493,0.0,9.73966,1.22842,6.04429,0.0,2.42643,4.0767500000000005,4.412990000000001,0.0,2.26438,0.79074,0.83567,0.0,0.21628000000000003,18.36347,0.01102,10.65639,8.37279,0.0,0.0,0.0,0.036660000000000005,0.07952000000000001,0.0,0.03405,0.0,0.0,0.0,5.87676,0.0,0.0,0.00787,0.030130000000000004,0.0,0.0,0.0,0.07324,0.0,0.035039999999999995,0.0,0.0,0.0,0.0,0.0,0.0,0.0,0.0,0.23264999999999997,0.0,0.0,0.0,0.0,0.0,0.0,0.0,0.0,0.0,0.0,0.0,0.0,0.0,3.2841400000000003,0.0,0.00235,0.0,0.0
S552,1.87458,0.0,0.0,0.014130000000000002,0.009579999999999998,0.0,0.0,0.0,0.0,0.0,0.0,0.0,0.0,0.0,0.0,15.0814,0.0,0.0,0.00205,0.0254,0.0,3.5161300000000004,0.00843,0.0,0.00511,0.0,0.0,4.74732,0.66875,0.0,0.0,0.0,0.30306,1.387,0.0,0.0,0.0,0.0,6.4706600000000005,0.0,0.0,0.0,0.0068,0.0,0.02305,0.0,0.0,0.0,0.0,0.0,0.0,0.06738999999999999,0.00761,0.0,0.0,0.0,0.0,0.38059,0.00217,0.0,0.08887,0.0,0.0,0.0,0.0,0.0,0.0,0.0,0.0,0.023530000000000002,0.0,8.72198,0.03154,2.7177,0.0,7.60101,0.85462,0.43784,0.0,0.25598,0.57692,0.060849999999999994,0.0,0.23458,9.71262,0.10595,11.15558,18.887490000000003,0.0,0.0,0.0,0.004529999999999999,0.0,0.0,0.00889,0.0,0.0,0.0,0.0,0.0,0.0,0.08288,0.0,0.0,0.0,0.0,0.00418,0.0,0.0004,0.0,0.00905,0.0,0.01369,0.56839,0.0,0.0,0.0,0.006660000000000001,0.0,0.0,0.0,0.0,0.0,0.0,0.0,0.0,0.0,0.0,0.0,0.0,0.0,3.23307,0.0,0.0,0.0,0.0
S561,0.06899,0.0,0.0,0.0,0.01225,0.0,0.0,0.0,0.0,0.0,0.0,0.00705,0.0,0.02725,0.0,0.45243999999999995,0.0,0.0,0.0,0.0,0.0,0.47217,0.48903,0.0596,0.0,0.0,0.0,4.674320000000001,0.00967,0.19805,0.0,0.00131,0.0,0.10298,0.0,0.0,0.026699999999999998,0.0,0.7333,0.0,0.0,0.00028,0.0051600000000000005,0.0,0.00402,0.0,0.0,0.0,0.0,0.0,0.00993,0.0,0.0054399999999999995,0.01145,0.0,0.0,0.0,0.17105,0.0,0.0,1.9979700000000002,0.0,0.0,0.0,0.0,0.0,0.0,0.0718,0.36025999999999997,0.0,0.01347,15.51131,0.29365,11.66921,0.01128,1.01547,1.32229,0.43324,0.0,0.82052,0.65691,0.15838,0.0,0.05126,0.025689999999999998,0.00114,28.209480000000003,2.11816,0.0,0.0,0.27379000000000003,2.98399,0.04838,0.00455,0.0,0.0,0.0,0.0,0.0,0.0,0.0,0.0,0.0029100000000000003,0.00865,0.0,0.0,0.0,0.0,0.0,0.0005099999999999999,0.014219999999999998,0.0,0.20124,0.08297,0.0,0.0,0.0,0.33806,0.0,0.0,0.0,0.0,0.0,0.0,0.0,0.0,0.0,0.0,0.0,0.0,0.0,23.7568,0.0,0.0,0.0,0.0
S563,0.0,0.0,0.0,0.0,0.0,0.0,0.0,0.0,0.0,0.0,0.0,0.0,0.0,0.0,0.0,7.86315,0.0,0.0,0.0,0.14657,0.0,2.29934,0.0,0.00158,0.0014,0.0,0.0,8.54031,0.40694,0.0,0.0,0.0,0.11896,0.8793500000000001,0.0,0.0,0.0,2.79072,1.36755,0.0,0.0,0.0,0.0,0.0,0.012709999999999999,0.0,0.0,0.0,0.0,0.0,0.0,0.0,5.6967099999999995,0.0,0.0,0.0,0.00596,0.5962200000000002,0.0,0.0,0.058519999999999996,0.0,0.0,0.0,0.0,0.0,0.0,0.0,0.0,0.0,0.02435,13.87447,0.35283000000000003,3.52506,0.0253,1.25497,3.89647,0.36082,0.0,2.19428,0.61678,0.0,0.0,0.18473,10.209710000000001,0.07779,12.75047,9.17661,0.0,0.0,0.0,0.01991,0.02977,0.0,0.0,0.0,0.0,0.0,8.11744,0.0,0.0,0.017130000000000003,0.0,0.0,0.0,0.0,0.0,0.028999999999999998,0.0,0.0,0.0037799999999999995,0.0,0.5429999999999999,0.0,0.0,0.0,0.0,0.45165,0.0,0.0,0.0,0.0,0.0,0.0,0.0,0.0,0.0,0.0,0.0,0.0,0.0,1.47769,0.0,0.0,0.0,0.0
S577,1.5403200000000001,0.0,0.0,0.0,0.0,0.0,0.0,0.0,0.0,0.0,0.0,0.0,0.0,0.00677,0.0,2.3010599999999997,0.0,0.0,0.0,0.29334,0.0,1.39205,0.10034,0.0,0.0491,0.0,0.0,4.79351,0.0,0.0,0.00968,0.0,0.28511000000000003,1.72548,0.0,0.0,0.0,0.0,0.71663,0.0,0.0,0.0,0.0,0.0,0.0,0.0,0.0,0.0,0.0,0.0,0.0,0.0,2.36544,0.0,0.0,0.0,1.1533,0.10919999999999999,0.0,0.0,0.01849,0.0,0.0,0.0,0.0,0.0,0.0,0.0,0.0,0.014519999999999998,0.0,5.91286,0.052820000000000006,2.05836,0.01319,11.778459999999999,0.7478100000000001,1.1936799999999999,0.00246,1.49211,0.20764000000000002,0.0,0.0,0.06262999999999999,8.3475,0.00851,10.387580000000002,9.08037,0.0,0.0,0.0,0.0006,0.00639,0.0,0.0,0.0,0.0,0.0,2.12744,0.0,0.0,0.03802,0.00498,0.0,0.0,0.0,0.0,0.01898,0.0,0.0,0.024059999999999998,0.0,0.28301000000000004,0.11142,0.0,0.0,0.0,12.0611,9.08642,0.0,0.04371,0.0,0.0,0.0,0.0,0.0,0.0,0.0,0.0,0.0,0.0,7.973560000000001,0.0,0.0,0.0,0.0
S584,0.0,0.0,0.0,0.0,0.02367,0.0,0.0,0.0,0.0,0.0,0.0,0.06912,0.0,0.0,0.0,3.2364100000000002,0.0,0.0,0.0,0.59932,0.0,3.01765,0.06716,0.03901,0.0,0.0,0.0,4.276389999999999,0.18157,0.02547,0.01141,0.01787,0.28149,0.8722799999999999,0.0,0.0,0.0,6.47686,4.13446,0.0,0.0,0.0,0.0,0.0,0.01113,0.0,0.0,0.0,0.0,0.0,0.00309,0.0,0.027410000000000004,0.0,0.0,0.0,0.0,1.6459199999999998,0.0,0.0,8.81466,0.0,0.0,0.0,0.0,0.0,0.0,0.0,0.0008,0.0008300000000000001,0.0,5.01525,0.95024,3.69399,1.99606,3.79957,2.94649,0.6964699999999999,0.0,3.4330600000000002,0.27103,0.20567000000000002,0.0,0.3641,17.12493,0.04568,11.24625,8.133329999999999,0.0,0.0,0.0,1.1981200000000003,0.03773,0.012490000000000001,0.0,0.010020000000000001,0.0,0.0,4.23545,0.0,0.0,0.030019999999999998,0.033409999999999995,0.0,0.0,0.0,0.046669999999999996,0.0,0.04162,0.0,0.0,0.0,0.40718000000000004,0.00399,0.0,0.0,0.0,0.009649999999999999,0.0,0.0,0.0,0.0,0.0,0.0,0.0,0.0,0.0,0.0,0.0,0.0,0.0,0.17764000000000002,0.0,0.0,0.0,0.0
S587,0.0,0.0,0.0,0.0,0.0,0.0,0.03238,0.0,0.0,0.0,0.0,0.00507,0.0,0.0,0.0,2.03995,0.0,0.0,0.0,0.0732,0.0,2.4114400000000002,0.0,0.0008900000000000001,0.00297,0.0,0.0,4.21154,0.17419,0.0,0.0,0.0,0.60529,1.7133399999999999,0.0,0.0,1.6365899999999998,7.93441,3.02504,0.02072,0.0,0.0,0.0,0.0,0.01372,0.0,0.0,0.0,0.0,0.0,0.0,0.0,0.22347,0.0,0.0,0.0,0.0,1.49478,0.00312,0.0,0.041879999999999994,0.0,0.0,0.0,0.0,0.0,0.0,3.7009800000000004,0.0,0.0,0.0,5.77582,0.39148,3.11939,0.019969999999999998,1.82281,1.91705,0.55797,0.0,0.8271099999999999,0.15816,0.25355000000000005,0.0,0.13542,13.4829,0.00158,7.38851,29.783759999999997,0.0,0.35768,0.0,0.0,0.01453,0.0,0.0,0.0,0.0,0.0,2.14593,0.0,0.0,0.055510000000000004,0.0427,0.0,0.0,0.0,0.03608,0.04007,0.025810000000000003,1.23328,0.0,0.0,0.07553,0.5366,0.0,0.0,0.0,0.21413,0.0,0.0,0.0,0.0,0.0,0.0,0.0,0.0,0.0,0.0,0.0,0.0,0.0,0.22171999999999997,0.0,0.0,0.0,0.0
S589,0.0,0.0,0.0,0.0,0.0,0.0,0.0,0.0,0.0,0.0,0.0,0.0,0.0,0.0,0.0,5.44207,0.0,0.0,0.0,0.09654,0.0,4.67914,0.010400000000000001,0.02538,0.0,0.0,0.0,2.64331,0.00228,0.00183,0.0,0.0,0.0,0.07946,0.0,0.0,0.0,0.0,0.36439,0.0,0.0,0.0,0.0,0.0,0.01618,0.0,0.0,0.0,0.0,0.0,0.00213,0.0,0.028310000000000002,0.0,0.0,0.0,0.0,0.9660000000000001,0.0,0.0,0.056190000000000004,0.0,0.0,0.0,0.0,0.0,0.0,0.0,0.0,0.0,0.0,14.12865,0.06024,2.9654700000000003,0.0,9.8102,4.14163,1.28512,0.0,3.9212400000000005,0.23546,1.6491,0.0,0.08183,16.90646,0.00139,16.322409999999998,3.09012,0.0,0.0,0.0019399999999999999,0.13976999999999998,0.12139000000000001,0.0,0.0,0.0,0.0,0.0,8.338339999999999,0.0,0.0,0.0,1.25144,0.0,0.0,0.0,0.0,0.0,0.0,0.02661,0.0,0.0,0.21189000000000002,0.0,0.0,0.0,0.0,0.0,0.0,0.0,0.0,0.0,0.0,0.0,0.0,0.0,0.0,0.0,0.0,0.0,0.0,0.89574,0.0,0.0,0.0,0.0
S58,2.77234,0.0,0.0,0.0,0.0,0.0,0.0,0.0,0.0,0.0,0.0,0.0,0.0,0.0,0.0,9.528380000000002,0.0,0.0,0.0,0.42431,0.0,2.18378,0.09029999999999999,0.06863999999999999,0.0,0.0,0.0,10.809800000000003,0.71002,0.76799,0.0,0.0,0.03916,0.59965,0.017929999999999998,0.0,0.0,0.0,1.06638,0.0,0.0,0.0,0.0,0.0,0.0,0.0,0.0,0.0,0.0,0.0,0.0,0.0,0.02129,0.0,0.23517,0.0,0.008159999999999999,1.2874299999999999,0.0,0.0,2.03342,0.0,0.0,0.00277,0.0,0.00161,0.0048,0.0,0.0,0.00575,0.0,7.317540000000001,0.006370000000000001,11.86555,0.0,2.1156,4.40201,2.77129,0.0,0.8757499999999999,0.07076,0.64589,0.00245,0.12875999999999999,0.83891,0.0,14.62834,12.57438,0.0,0.0,1.35588,3.22205,0.03125,0.0,0.0,0.0,0.0,0.0,0.0,0.0,0.0,0.0,0.0,0.0,0.0,0.0,0.02242,0.00762,0.030719999999999997,0.0,0.0,0.0,0.01132,0.0,0.0,0.0,0.0,0.55057,0.0,0.0,0.0,0.0,0.0,0.0,0.0,0.0,0.0,0.0,0.0,0.0,0.0,3.8454900000000003,0.0,0.0,0.0,0.0
S591,0.08920999999999998,0.0,0.0,0.0,0.025490000000000002,0.0,0.0,0.0,0.0197,0.0,0.0,0.0,0.0,0.0011300000000000001,0.0,1.8414199999999998,0.0,0.0,0.0,0.05289,0.0,1.02474,0.011770000000000001,0.0,0.00215,0.0,0.0,13.9906,0.029269999999999997,0.0,0.0,0.0,0.60853,1.5193900000000002,0.0,0.0,0.0,0.0,2.8665499999999997,0.0,0.0,0.0,0.0,0.0,0.00911,0.0,0.0,0.0,0.0,0.0,0.0,0.0,0.0,0.0,0.05346,0.0,0.23977,0.23662,0.0,0.01563,13.247869999999999,0.0008699999999999999,0.00955,0.0,0.0,0.0,0.0,0.02565,0.0,0.00274,0.0,9.19579,0.19534,2.95018,0.03834,1.67723,0.7211,2.49132,0.0,7.630959999999999,0.53556,0.09616,0.0,0.11401,12.58104,0.00611,11.58424,11.65697,0.0,0.0,0.0,0.004079999999999999,0.07095,0.00234,0.0,0.0,0.0,0.0,0.0,0.0,0.0,0.0614,0.00957,0.0,0.0,0.0,0.02181,0.09967999999999999,0.01255,0.40193,0.0,0.0,0.6215299999999999,0.13671,0.0124,0.0,0.0,0.0,0.0,0.0,0.0,0.0,0.0,0.0,0.0,0.0,0.0,0.0,0.0,0.0,0.0,1.1466,0.0,0.0,0.0,0.0
S598,1.2152100000000001,0.0,0.0051600000000000005,0.0,0.0,0.0,0.0,0.0,0.0,0.0,0.0,0.0,0.0,0.0,0.0,18.482310000000002,0.0,0.0,0.0,0.03182,0.0,2.78808,0.00075,0.0,0.30983,0.0,0.00302,5.62457,1.52531,1.21076,0.0,0.0,0.1907,1.23813,0.0,0.0,0.8669,0.0,3.4600999999999997,0.0,0.0,0.0,0.0,0.0,0.0,0.0,0.0,0.0,0.0,0.0,0.0,0.0,0.0,0.0,0.0,0.0,0.0,0.008679999999999998,0.0,0.0,0.05272999999999999,0.0,0.0,0.0,0.0,0.0,0.0,0.0,0.00246,0.02405,0.0,13.743210000000001,0.00266,1.22788,0.029930000000000002,10.38761,0.75208,0.14859999999999998,0.0,2.07733,0.10980999999999999,0.51098,0.0,0.01814,4.05806,0.0158,14.02204,7.87961,0.0,0.0,0.0,0.26937,0.0038,0.0,0.0,0.0,0.0,0.0,2.89459,0.0,4.19651,0.038669999999999996,0.06696,0.0,0.0,0.01971,0.0,0.04088,0.00151,0.05167000000000001,0.20685,0.0,0.15042000000000003,0.019880000000000002,0.0,0.0,0.0,0.00622,0.0,0.0,0.0,0.0,0.0,0.0,0.0,0.0,0.00864,0.0,0.0,0.0,0.0,0.0,0.0,0.0,0.0,0.0
S59,5.03641,0.0,0.0,0.0,0.0,0.0,0.0,0.0,0.0,0.0,0.0,0.00322,0.0,0.0,0.0,2.50679,0.0,0.0,0.0,0.11033,0.0,0.51799,0.006540000000000001,0.00446,0.0,0.0,0.0,4.01126,0.09374,0.24923,0.0,0.0034,0.0,0.34249999999999997,0.0,0.0,0.0,0.0,2.33664,0.0,0.0,0.0,0.0,0.0,0.0,0.0,0.0,0.00937,0.0,0.0,0.0024100000000000002,0.0,0.0,0.0,0.0,0.0,2.4316,0.9875999999999999,0.0,0.0,0.07859,0.0,0.0038799999999999998,0.0,0.0,0.0,0.0,0.0,0.0,0.0,0.0,6.99814,0.36811,1.2400900000000001,1.47933,6.6331500000000005,6.09329,0.77844,0.0,6.0059499999999995,0.04242,2.12133,0.0,0.11617000000000001,6.2572,0.0,25.71778,9.93343,0.0,5.53902,0.0,0.035039999999999995,0.03562,0.0,0.02017,0.0,0.0,0.0,0.0,0.0,0.0,0.02743,0.28922,0.0,0.0,0.0,0.0,0.0,0.0,0.00434,0.0,0.0,0.0,0.0,0.0,0.40581,0.01906,0.23812,0.05221,0.0,0.0,0.0,0.34896,0.0,0.0,0.0,0.43384,0.0,0.0,0.0,0.0,0.00646,0.0,0.0,0.02393,0.0
S602,0.53999,0.25416,0.0,0.0,0.0,0.0,0.0,0.0,0.0,0.0,0.0,0.0,0.0,0.0,0.0,3.84295,0.0,0.0,0.0,0.042,0.0,2.24074,0.007509999999999999,0.01567,0.0,0.0,0.0,5.14683,0.07771,0.7468100000000001,0.0,0.0,0.26651,0.5296000000000001,0.0,0.0,0.0,0.0,2.5008999999999997,0.0,0.0,0.0,0.0,0.0,0.0,0.0,0.0,0.0,0.0,0.0,0.0,0.0,0.0067,0.0,0.07593,0.0,0.0,0.63552,0.0,0.0,0.06622,0.0,0.0,0.0,0.0,0.0,0.0,0.00031,0.0,0.00424,0.0,16.089270000000003,0.55503,2.77927,2.4203200000000002,9.88235,3.38765,1.5994599999999999,0.0,7.3753899999999994,0.14403,0.01476,0.0,0.15858,8.34051,0.007490000000000001,11.89827,11.22082,0.0,0.0,0.0,0.03037,0.07902999999999999,0.0086,0.0,0.0,0.0,0.0,1.49655,0.41852,0.0,0.0,0.00321,0.0,0.0,0.0,0.04967,0.00301,0.1221,0.1529,0.0,0.0,0.47239000000000003,0.0,0.0,0.0,0.0,0.06304,0.0,0.0,0.0,0.0,0.0,0.0,0.0,0.0,0.0,0.0,0.0,0.0,0.0,4.22716,0.0,0.0,0.0,0.0
S604,0.0,0.0,0.0,0.0,0.07008999999999999,0.0,0.0,0.0,1.11576,0.0,0.0,1.1209,0.0,3.11048,0.0,4.261679999999999,0.0,0.10259000000000001,0.014509999999999999,0.0,0.0,0.0,0.46663000000000004,0.00571,0.00313,0.0,0.0,1.3085,0.00489,0.0,0.0,0.0,0.0,1.04203,0.0,0.0,0.0,0.0,0.16522,0.0,0.0,0.0,0.0,0.0,0.0,0.0,0.0,0.0,0.0,0.0,0.018619999999999998,0.0,1.8070099999999998,0.0,0.0,0.0,0.00165,15.575230000000001,0.0,0.0,4.779,0.0,0.0,0.0,0.0,0.0,0.0,0.12027,0.0,0.0,0.0,9.05908,0.96911,6.2556199999999995,0.008790000000000001,0.70242,1.71993,5.75404,0.0,0.15182,0.00162,0.01602,0.0,0.0,0.0,0.0,14.20015,0.6361899999999999,0.0,0.0,0.12977,0.23284,0.0146,0.0,0.0,0.0,0.0,0.0,0.0,0.0,0.0,0.00818,0.21398,0.0,0.01658,0.0,0.0,0.0,0.0,0.0,0.0,0.0,0.0,0.0,0.0,0.0,0.0,1.1501299999999999,0.0,0.0,0.0,0.0,0.0,0.0,0.0,0.0,0.0,0.0,0.02185,0.0,0.0,23.635189999999998,0.0,0.0,0.00643,0.00175
S614,0.0,0.0,0.0,0.0,0.0,0.0,0.0,0.0,0.04915,0.0,0.0,0.0,0.0,0.0,0.0033399999999999997,6.5449600000000006,0.0,0.0,0.0,0.09826,0.0,4.5266,0.08216,0.0,0.0,0.0,0.0,4.15418,0.0,0.0,0.0,0.0,0.0,0.15656,0.0,0.0,0.0,0.0,0.8359300000000001,0.0,0.0,0.0,0.0,0.0,0.0,0.0,0.0,0.0,0.0,0.0,0.0,0.0,0.04943,0.0,0.0,0.0,0.0,1.64548,0.0,0.0,0.27448000000000006,0.0,0.0,0.0,0.0,0.0,0.0,0.0,0.0,0.0,0.0,23.978009999999998,0.25001,8.29932,0.0,2.08911,1.3153700000000002,3.97489,0.0,3.4186300000000003,0.04188,0.29984,0.0,0.0,15.66368,0.05515,12.268450000000001,4.0794500000000005,0.0,0.0,0.020909999999999998,0.0,0.04832,0.0,0.0,0.0,0.0,0.0,3.64912,0.0,0.0,0.0,0.7173700000000001,0.0,0.0,0.0,0.0,0.0,0.0,0.0,0.0,0.0,0.3974,0.0,0.0,0.0,0.0,0.25604,0.0,0.0,0.0,0.0,0.0,0.0,0.0,0.0,0.14481,0.0,0.0,0.0,0.0,0.61173,0.0,0.0,0.0,0.0
S617,1.76247,0.5554100000000001,0.0,0.0,0.0,0.0,0.0,0.0,0.07245,0.0,0.0,0.0,0.0,0.01253,0.0,1.62327,0.0,0.0,0.0,0.16646,0.0,0.12180999999999999,0.0,0.0,0.11180999999999999,0.0,0.0,7.16775,0.83849,2.97874,0.0,0.0,0.48022,1.2627,0.0,0.0,0.0,0.0,3.1662699999999995,0.0,0.0,0.0,0.0,0.0,0.0,0.0,0.0,0.0,0.0,0.0,0.0,0.20695999999999998,0.013330000000000002,0.0,0.0,0.0,0.05316,0.1374,0.0,0.0,0.00206,0.0,0.0,0.0,0.0,0.0,0.0,0.0,0.0,0.0,0.0,15.370560000000001,0.01522,2.65632,2.25407,1.63265,1.9622000000000002,0.22162,0.0,0.88737,0.21885,0.0884,0.0,0.17951,18.547179999999997,0.0,0.81564,9.941790000000001,0.0,0.0,0.0,0.02252,0.0,0.0,0.0,0.0,0.0,0.0,2.46849,0.0,0.0,0.0,0.0,0.0,0.0,0.0,0.0,0.0,0.0,0.41179,0.0,0.0,0.32701,0.45252,0.0,0.0,0.0,16.72276,0.0,0.0,0.0,0.0,0.0,0.0,0.0,0.0,0.0,0.0,0.0,0.0,0.0,4.0702300000000005,0.0,0.0,0.0,0.0
S618,0.0,0.0,0.0,0.0,0.0,0.0,0.0,0.0,0.0,0.0,0.0,0.0,0.0,0.02278,0.0,7.24502,0.0,0.0,0.0,0.20373,0.0,1.2297799999999999,0.007909999999999999,0.012159999999999999,0.0,0.0,0.0,7.6346,0.64154,0.0,0.0,0.14394,0.25066,0.69556,0.0,0.0,0.0,0.0,4.239520000000001,0.0,0.0,0.0,0.0,0.0,0.0,0.0,0.0,0.00214,0.0,0.0,0.0,0.0,0.043269999999999996,0.0,0.0,0.0,0.0,0.48956,0.0,0.01261,0.37911999999999996,0.0,0.0,0.0,0.0,0.0,0.0,0.0,0.0,0.00203,0.0,41.02899,0.2433,3.66908,0.0,1.78454,1.9975899999999998,3.51921,0.0,1.19463,0.30743000000000004,0.07017000000000001,0.0,0.03312,6.41662,0.0,8.343820000000001,2.04698,0.0,0.0,0.0,0.00843,0.00865,0.0,0.0,0.0,0.0,0.0,2.94754,0.0,0.0,0.0,0.0,0.0,0.0,0.0,0.0,0.01289,0.0,0.02521,0.00305,0.0,0.231,0.13107,0.0,0.0,0.0,0.0,0.0,0.0,0.0,0.0,0.0,0.0,0.0,0.0,0.0,0.0,0.0,0.0,0.0,2.7206900000000003,0.0,0.0,0.0,0.0
S628,2.96027,0.0,0.0,0.0,0.0,0.0,0.0,0.0,0.0,0.0,0.0,0.052489999999999995,0.0,0.0,0.0,4.303179999999999,0.0,0.0,0.0,0.0,0.0,0.97656,0.0,0.0,0.0,0.0,0.0,19.56515,0.01573,2.1407599999999998,0.07543,0.39597,1.11984,2.4909999999999997,0.0,0.0,0.0,0.0,4.42114,0.0,0.0,0.0,0.0,0.0,0.03266,0.0,0.0,0.0,0.0,0.0,0.0,0.0,0.00458,0.04138,0.0,0.0,0.0,3.8669400000000005,0.0,0.0,0.13481,0.0,0.0,0.0,0.0,0.0,0.0,0.0,0.0,0.0,0.0,4.858980000000001,0.8289700000000001,2.53233,0.0,6.60632,0.62036,1.0969399999999998,0.0,10.51315,0.14538,0.08622,0.0,0.0,11.0788,0.0,4.85856,8.04882,0.0,0.0,0.0,0.15341,0.0,0.0,0.0,0.0,0.0,0.0,2.21412,0.0,0.0,0.0,0.03748,0.0,0.0,0.0,0.0,0.0,0.0,0.0,0.9913799999999999,0.0,0.14637999999999998,0.06455,0.0,0.0,0.0,0.0,0.0,0.0,0.0,0.0,0.0,0.0,0.0,0.0,0.08800000000000001,0.0,0.0,0.0,0.0,2.3555200000000003,0.0,0.04088,0.035539999999999995,0.0
S643,7.4432,0.0,0.0,0.0,0.06781000000000001,0.0,0.0,0.0,0.0,0.0,0.0,0.0,0.0,0.0,0.0,1.61832,0.0,0.0,0.0,0.06495,0.0,1.45753,0.0,0.010020000000000001,0.0,0.0,0.0,10.25459,1.40465,8.55096,0.0,0.0,0.86462,2.1498600000000003,0.0,0.0,0.0,6.40603,2.1225400000000003,0.0,0.0,0.0,0.0,0.0,0.0225,0.0,2.50277,0.0,0.0,0.0,0.0,0.0,0.0,0.0,0.0,0.0,0.0,0.58395,0.0,0.0,0.06865,0.0,0.0,0.0,0.0,0.0,0.0,0.0,0.0,0.01317,0.0,8.629299999999999,0.09645,1.45423,0.0,2.88122,0.81774,0.24772,0.0,0.78289,0.13965999999999998,0.4751,0.0,0.13322,7.622889999999999,0.00131,2.6897900000000003,23.85649,0.0,0.0,0.0,0.00854,0.01709,0.0,0.00596,0.0,0.0,0.0,0.0,0.0,0.061239999999999996,0.0,0.07577,0.0,0.0,0.0,0.0,0.0,0.0,0.0,0.09093,0.0,0.24012,0.08271,0.0,0.0,0.0,3.27685,0.0,0.0,0.0,0.0,0.0,0.0,0.0,0.0,0.05649,0.0,0.0,0.0,0.0,0.65015,0.0,0.0,0.0,0.0
S655,0.02598,0.0,0.0,0.0,0.0,0.0,0.0,0.0,0.0,0.0,0.0,0.0,0.0,0.0,0.0,31.857100000000003,0.0,0.0,0.0,0.03083,0.0,0.8940100000000001,0.0139,0.0,0.0,0.0,0.0,5.14133,0.15200999999999998,0.14837999999999998,0.0,0.00205,0.0,0.2376,0.0,0.0,0.31796,0.0,2.4779999999999998,0.0,0.0,0.0,0.0,0.0,0.0,0.0,0.0,0.0,0.0,0.0,0.0,0.0,0.03279,0.0,0.0,0.0,0.04717,0.34611000000000003,0.0,0.0,0.68287,0.0,0.0,0.0,0.0,0.0,0.0,0.0,0.0,0.0,0.0,22.890590000000003,0.02673,2.4847200000000003,0.0,1.23741,1.81747,0.46148,0.0,2.2740400000000003,0.71925,0.03646,0.0,0.01242,7.69763,0.0,10.31544,6.0462,0.0,0.0,0.0,0.76708,0.03656,0.0,0.0,0.0,0.0,0.0,0.0,0.0,0.0,0.0,0.00135,0.0,0.0,0.0,0.0,0.0,0.0,0.0,0.0226,0.0,0.10156,0.10956000000000002,0.0,0.0,0.0,0.01197,0.0,0.0,0.0,0.0,0.0,0.0,0.0,0.0,0.0,0.0,0.0,0.0,0.0,0.5214,0.0,0.0,0.0,0.0
S77,2.78607,0.0,0.008620000000000001,0.0,0.0,0.0,0.0,0.0,0.0259,0.0,0.0,0.03371,0.0,0.0,0.0,0.0,0.0,0.0,0.0,0.19822,0.0,0.46871,0.03401,0.02112,0.0,0.0,0.0,4.86542,0.13293,1.1577899999999999,0.0,0.01439,0.27893,1.27603,0.0,0.0,0.38222,0.0,1.80694,0.0,0.0,0.0,0.0,0.0,0.0,0.0,0.0,0.0,0.0,0.0,0.0,0.0,0.0,0.0,0.0,0.0,0.0,0.38420000000000004,0.0,0.0,0.01519,0.0,0.0,0.0,0.0,0.0,0.0,0.0,0.0,0.00175,0.0,11.866319999999998,0.12179000000000001,3.2525399999999998,3.1837,3.5183299999999997,1.33271,1.21132,0.01524,3.48028,0.0916,0.12642,0.0,0.14179,17.9471,0.0,12.68188,20.212580000000003,0.0,0.0,0.0006,0.04336,0.03845,0.0,0.0,0.0,0.0,0.0,0.0,0.0,0.0,0.0,0.04547,0.0,0.0,0.0,0.0,0.0,0.0,0.35178000000000004,0.0,0.0,0.0164,0.0,0.0,0.0,0.0,0.0,0.0,0.0,0.0,0.0,0.0,0.0,0.0,0.0,0.01964,0.0,0.0,0.0,0.0,6.40855,0.0,0.0,0.0,0.0
S80,2.46789,0.0,0.0,0.0,0.0,0.0,0.0,0.0,0.0,0.0,0.0,0.0,0.0,0.0,0.0,9.64555,0.0,0.0,0.0,0.06287999999999999,0.0,1.7567,0.0036,0.00633,0.21975999999999998,0.0,0.0,4.8573900000000005,0.44827,0.16334,0.0,0.07181,0.19858,1.4881,0.0,0.0,0.0,0.0,2.07954,0.0,0.0,0.0,0.0,0.0,0.01404,0.0,0.0,0.0,0.0,0.0,0.0,0.0,0.13699999999999998,0.0,0.0,0.0,0.0,1.4854000000000003,0.0,0.0,0.07905,0.0,0.0,0.0,0.0,0.0,0.0,0.0,0.0,0.01592,0.0,15.578199999999999,0.0165,2.3834500000000003,0.0,10.81591,1.48763,0.51175,0.0,1.51336,0.45102,0.8150899999999999,0.0,0.19392,12.62169,0.0143,10.7954,15.407359999999999,0.0,0.0,0.12084,0.02173,0.0,0.0,0.00086,0.0,0.0,0.0,0.0,0.0,1.23724,0.0,0.010740000000000001,0.0,0.0,0.0,0.00282,0.0,0.00644,0.027889999999999998,0.0,0.0,0.35758999999999996,0.0048200000000000005,0.0,0.0,0.0,0.17035999999999998,0.0,0.0,0.0,0.0,0.0,0.0,0.0,0.0,0.0,0.0,0.0,0.0,0.0,0.23190999999999998,0.0,0.0,0.0,0.0
S88,6.79589,0.0,0.006540000000000001,0.0,0.03085,0.0,0.0,0.012790000000000001,0.0982,0.0,0.0,0.0,0.0,0.14042000000000002,0.0,1.46966,0.0,0.0,0.0,0.04413,0.0,1.4050200000000002,0.00187,0.0,0.04419,0.0,0.0,2.20041,0.2201,0.62,0.0,0.0,0.5307,0.11329,0.0,0.0,0.09861,1.17031,1.90752,0.0,0.0,0.0,0.0,0.0,0.0,0.0,0.0,0.0,0.0,0.0,0.0,0.0,0.05831,0.0,0.0,0.0,0.0018800000000000002,1.62649,0.0,0.0,8.16388,0.0,0.0,0.0,0.0,0.00262,0.0,0.0,0.0,0.01794,0.0,5.00614,0.00294,7.86554,13.01539,1.15638,3.29345,0.22339,0.0,0.41545,0.29006,0.45526000000000005,0.0,0.0237,6.10034,0.024569999999999998,8.98131,20.26209,0.0,1.61788,0.0,4.0163,0.0,0.0,0.00313,0.0,0.0,0.0,0.0,0.0,0.19355999999999998,0.012240000000000001,0.0,0.0,0.0,0.0,0.02607,0.0,0.051789999999999996,0.0,0.0,0.0,0.0,0.15869,0.0,0.0,0.0,0.00787,0.0,0.0,0.0,0.0,0.0,0.0,0.0,0.0,0.0,0.0,0.0,0.0,0.0063100000000000005,0.008490000000000001,0.0,0.0,0.0,0.0
S92,0.0,0.0,0.0,0.0,0.0,0.0,0.0,0.02955,0.0,0.0,0.0,0.0,0.0,0.0,0.0,0.03461,0.0,0.0,0.0,0.02061,0.0,1.6467200000000002,0.0044,0.0,0.0,0.0,0.0,0.69744,0.0027,0.09467,0.0,0.0,0.0,0.27277,0.0,0.0,0.02997,0.8846599999999999,0.5708300000000001,0.0,0.0,0.0,0.0,0.0,0.0,0.0,0.0,0.013859999999999999,0.0,0.0,0.007940000000000001,2.36953,0.11354000000000002,0.0,0.0007700000000000001,0.0,0.0,0.42157,0.0,0.0,1.15025,0.0,0.0,0.0,0.0,0.0,0.0,0.0,0.0,0.0,0.0,15.88783,0.025330000000000002,6.73785,0.0,0.69852,3.69936,0.15177000000000002,0.0,5.740099999999999,0.01707,0.0,0.0,0.00403,7.00737,0.0,10.84054,2.88861,0.0,0.0,0.0,0.17319,0.02185,0.0,0.0,0.0,0.0,0.0,0.0357,0.0,0.0,0.0,0.34395,0.0,0.0,0.0,0.0,0.0,0.0,0.0,0.026389999999999997,0.0,0.09383,0.0,0.0,0.0,0.0,30.26517,3.17254,0.0,0.07785,0.0,0.0,0.0,0.0,0.0,0.0,0.0,0.0,0.0,0.0,3.67155,0.0,0.0,0.019280000000000002,0.033889999999999997
